Sticker Number,Serial Number,Date,Terminal,Registration #,isAllPass?,Scale Registered,Scale Legal for Trade,Security Seal,Results,Type of Scale,Test 0 lbs,Test 50 lbs,Test 100 lbs,Test 150 lbs,Test 200 lbs,Test 250 lbs,Test 300 lbs,Test 350 lbs,Test 400 lbs,Test 450 lbs,Test 500 lbs,Test 550 lbs,Test 600 lbs,Test Second 0 lbs,Negative Error Difference Total,Positive Error Difference Total,Fail Negative Error Difference Total,Fail Positive Error Difference Total
001508-23,831632,10/16/2023,A,98734,No,NaN,NaN,NaN,Sealed Subject,"<= 1,000 lbs",Pass,Pass,Pass,Fail,Pass,Pass,Pass,NaN,NaN,NaN,NaN,NaN,NaN,Pass,2.79997,NaN,1.20000,NaN
001509-23,831738,10/16/2023,A,98734,No,NaN,NaN,NaN,Sealed Subject,"<= 1,000 lbs",Pass,Pass,Pass,Fail,Pass,Pass,Pass,NaN,NaN,NaN,NaN,NaN,NaN,Pass,0.20000,1.60000,NaN,0.60001
00711-23C,831190,10/16/2023,A,98734,No,NaN,NaN,NaN,Condemned,"<= 1,000 lbs",Pass,Fail,Fail,Fail,Fail,Fail,Fail,NaN,NaN,NaN,NaN,NaN,NaN,Pass,900.80000,NaN,900.80000,NaN
001511-23,831485,10/16/2023,A,98734,Yes,NaN,NaN,NaN,Sealed,"<= 1,000 lbs",Pass,Pass,Pass,Pass,Pass,Pass,Pass,NaN,NaN,NaN,NaN,NaN,NaN,Pass,1.20001,NaN,NaN,NaN
001505-23,831493,10/16/2023,A,98734,Yes,NaN,NaN,NaN,Sealed,"<= 1,000 lbs",Pass,Pass,Pass,Pass,Pass,Pass,Pass,NaN,NaN,NaN,NaN,NaN,NaN,Pass,1.99996,NaN,NaN,NaN
001506-23,831515,10/16/2023,A,98734,Yes,NaN,NaN,NaN,Sealed,"<= 1,000 lbs",Pass,Pass,Pass,Pass,Pass,Pass,Pass,NaN,NaN,NaN,NaN,NaN,NaN,Pass,1.20001,NaN,NaN,NaN
00713-23C,831824,10/16/2023,A,98734,No,NaN,NaN,NaN,Condemned,"<= 1,000 lbs",Pass,Fail,Fail,Fail,Fail,Fail,Fail,NaN,NaN,NaN,NaN,NaN,NaN,Pass,301.20000,5.99998,301.20000,5.99998
001507-23,831178,10/16/2023,A,98734,Yes,NaN,NaN,NaN,Sealed,"<= 1,000 lbs",Pass,Pass,Pass,Pass,Pass,Pass,Pass,NaN,NaN,NaN,NaN,NaN,NaN,Pass,NaN,0.80001,NaN,NaN
00714-23C,831856,10/16/2023,A,98734,No,NaN,NaN,NaN,Condemned,"<= 1,000 lbs",Pass,Fail,Pass,Pass,Pass,Pass,Pass,NaN,NaN,NaN,NaN,NaN,NaN,Pass,0.60001,NaN,0.40000,NaN
001502-23,831858,10/16/2023,A,98734,Yes,NaN,NaN,NaN,Sealed,"<= 1,000 lbs",Pass,Pass,Pass,Pass,Pass,Pass,Pass,NaN,NaN,NaN,NaN,NaN,NaN,Pass,0.60000,NaN,NaN,NaN
001503-23,831618,10/16/2023,A,98734,Yes,NaN,NaN,NaN,Sealed,"<= 1,000 lbs",Pass,Pass,Pass,Pass,Pass,Pass,Pass,NaN,NaN,NaN,NaN,NaN,NaN,Pass,NaN,NaN,NaN,NaN
001504-23,831490,10/16/2023,A,98734,Yes,NaN,NaN,NaN,Sealed,"<= 1,000 lbs",Pass,Pass,Pass,Pass,Pass,Pass,Pass,NaN,NaN,NaN,NaN,NaN,NaN,Pass,1.00001,NaN,NaN,NaN
001524-23,831517,10/16/2023,A,98734,Yes,NaN,NaN,NaN,Sealed,"<= 1,000 lbs",Pass,Pass,Pass,Pass,Pass,Pass,Pass,NaN,NaN,NaN,NaN,NaN,NaN,Pass,NaN,0.60001,NaN,NaN
001525-23,831482,10/16/2023,A,98734,Yes,NaN,NaN,NaN,Sealed,"<= 1,000 lbs",Pass,Pass,Pass,Pass,Pass,Pass,Pass,NaN,NaN,NaN,NaN,NaN,NaN,Pass,1.19999,NaN,NaN,NaN
00712-23C,13762-8,10/16/2023,A,98734,No,NaN,NaN,NaN,Condemned,"<= 1,000 lbs",Pass,Fail,Fail,Fail,Pass,Pass,Pass,NaN,NaN,NaN,NaN,NaN,NaN,Pass,6.00000,NaN,4.00000,NaN
001528-23,13762-7,10/16/2023,A,98734,Yes,NaN,NaN,NaN,Sealed,"<= 1,000 lbs",Pass,Pass,Pass,Pass,Pass,Pass,Pass,NaN,NaN,NaN,NaN,NaN,NaN,Pass,NaN,2.00000,NaN,NaN
162126-23,831603,10/16/2023,A,98734,Yes,NaN,NaN,NaN,Sealed,"<= 1,000 lbs",Pass,Pass,Pass,Pass,Pass,Pass,Pass,NaN,NaN,NaN,NaN,NaN,NaN,Pass,NaN,NaN,NaN,NaN
162127-23,831534,10/16/2023,A,98734,Yes,NaN,NaN,NaN,Sealed,"<= 1,000 lbs",Pass,Pass,Pass,Pass,Pass,Pass,Pass,NaN,NaN,NaN,NaN,NaN,NaN,Pass,1.00001,NaN,NaN,NaN
001500-23,831920,10/16/2023,A,98734,Yes,NaN,NaN,NaN,Sealed,"<= 1,000 lbs",Pass,Pass,Pass,Pass,Pass,Pass,Pass,NaN,NaN,NaN,NaN,NaN,NaN,Pass,NaN,NaN,NaN,NaN
001501-23,831849,10/16/2023,A,98734,Yes,NaN,NaN,NaN,Sealed,"<= 1,000 lbs",Pass,Pass,Pass,Pass,Pass,Pass,Pass,NaN,NaN,NaN,NaN,NaN,NaN,Pass,NaN,0.60001,NaN,NaN
001516-23,831607,10/16/2023,A,98734,Yes,NaN,NaN,NaN,Sealed,"<= 1,000 lbs",Pass,Pass,Pass,Pass,Pass,Pass,Pass,NaN,NaN,NaN,NaN,NaN,NaN,Pass,NaN,0.80001,NaN,NaN
001517-23,831786,10/16/2023,A,98734,Yes,NaN,NaN,NaN,Sealed,"<= 1,000 lbs",Pass,Pass,Pass,Pass,Pass,Pass,Pass,NaN,NaN,NaN,NaN,NaN,NaN,Pass,NaN,0.99999,NaN,NaN
001518-23,831271,10/16/2023,A,98734,Yes,NaN,NaN,NaN,Sealed,"<= 1,000 lbs",Pass,Pass,Pass,Pass,Pass,Pass,Pass,NaN,NaN,NaN,NaN,NaN,NaN,Pass,0.20000,0.80001,NaN,NaN
001519-23,831855,10/16/2023,A,98734,Yes,NaN,NaN,NaN,Sealed,"<= 1,000 lbs",Pass,Pass,Pass,Pass,Pass,Pass,Pass,NaN,NaN,NaN,NaN,NaN,NaN,Pass,0.60000,NaN,NaN,NaN
001512-23,831736,10/16/2023,A,98734,Yes,NaN,NaN,NaN,Sealed,"<= 1,000 lbs",Pass,Pass,Pass,Pass,Pass,Pass,Pass,NaN,NaN,NaN,NaN,NaN,NaN,Pass,NaN,0.20001,NaN,NaN
001513-23,831513,10/16/2023,A,98734,Yes,NaN,NaN,NaN,Sealed,"<= 1,000 lbs",Pass,Pass,Pass,Pass,Pass,Pass,Pass,NaN,NaN,NaN,NaN,NaN,NaN,Pass,1.00000,NaN,NaN,NaN
001514-23,831635,10/16/2023,A,98734,Yes,NaN,NaN,NaN,Sealed,"<= 1,000 lbs",Pass,Pass,Pass,Pass,Pass,Pass,Pass,NaN,NaN,NaN,NaN,NaN,NaN,Pass,NaN,NaN,NaN,NaN
001515-23,831733,10/16/2023,A,98734,Yes,NaN,NaN,NaN,Sealed,"<= 1,000 lbs",Pass,Pass,Pass,Pass,Pass,Pass,Pass,NaN,NaN,NaN,NaN,NaN,NaN,Pass,NaN,0.40001,NaN,NaN
001520-23,831750,10/16/2023,A,98734,Yes,NaN,NaN,NaN,Sealed,"<= 1,000 lbs",Pass,Pass,Pass,Pass,Pass,Pass,Pass,NaN,NaN,NaN,NaN,NaN,NaN,Pass,NaN,NaN,NaN,NaN
001521-23,831849-1,10/16/2023,A,98734,NaN,NaN,NaN,NaN,Sealed,"<= 1,000 lbs",NaN,NaN,NaN,NaN,NaN,NaN,NaN,NaN,NaN,NaN,NaN,NaN,NaN,NaN,NaN,NaN,NaN,NaN
001522-23,00092578T,10/16/2023,A,98734,Yes,NaN,NaN,NaN,Sealed,"<= 1,000 lbs",Pass,Pass,Pass,Pass,Pass,Pass,Pass,NaN,NaN,NaN,NaN,NaN,NaN,Pass,0.20000,0.40001,NaN,NaN
001523-23,831497,10/16/2023,A,98734,Yes,NaN,NaN,NaN,Sealed,"<= 1,000 lbs",Pass,Pass,Pass,Pass,Pass,Pass,Pass,NaN,NaN,NaN,NaN,NaN,NaN,Pass,NaN,0.20000,NaN,NaN
001526-23,13762-5,10/16/2023,A,98734,Yes,NaN,NaN,NaN,Sealed,"<= 1,000 lbs",Pass,Pass,Pass,Pass,Pass,Pass,Pass,NaN,NaN,NaN,NaN,NaN,NaN,Pass,NaN,NaN,NaN,NaN
001527-23,13762-7,10/16/2023,A,98734,Yes,NaN,NaN,NaN,Sealed Subject,"<= 1,000 lbs",Pass,Pass,Pass,Pass,Pass,Pass,Pass,NaN,NaN,NaN,NaN,NaN,NaN,Pass,NaN,1.00000,NaN,NaN
002061-23,POS#052,10/16/2023,A,98734,No,NaN,NaN,NaN,Sealed,"<= 1,000 lbs",Pass,Pass,Pass,Pass,Pass,Pass,Pass,Pass,Pass,Pass,Pass,Pass,Pass,Pass,NaN,NaN,NaN,NaN
002060-23,POS#051,10/16/2023,A,98734,No,NaN,NaN,NaN,Sealed Subject,"<= 1,000 lbs",Pass,Pass,Pass,Pass,Fail,Pass,Pass,Pass,Pass,Pass,Pass,Pass,Pass,Pass,1.00000,NaN,1.00000,NaN
002063-23,C30561909,10/16/2023,A,98734,No,NaN,NaN,NaN,Sealed,"<= 1,000 lbs",Pass,Pass,Pass,Pass,Pass,Pass,Fail,NaN,NaN,NaN,NaN,NaN,NaN,Pass,300.00000,NaN,300.00000,NaN
002059-23,C305619101,10/16/2023,A,98734,Yes,NaN,NaN,NaN,Sealed,"<= 1,000 lbs",Pass,Pass,Pass,Pass,Pass,Pass,Pass,NaN,NaN,NaN,NaN,NaN,NaN,Pass,NaN,NaN,NaN,NaN
002062-23,C252481853,10/16/2023,A,98734,Yes,NaN,NaN,NaN,Sealed,"<= 1,000 lbs",Pass,Pass,Pass,Pass,Pass,Pass,Pass,NaN,NaN,NaN,NaN,NaN,NaN,Pass,NaN,NaN,NaN,NaN
003095-23,13762-2,10/16/2023,A,98734,Yes,NaN,NaN,NaN,Sealed,"<= 1,000 lbs",Pass,Pass,Pass,Pass,Pass,Pass,Pass,NaN,NaN,NaN,NaN,NaN,NaN,Pass,NaN,2.00000,NaN,NaN
003085-23,831479,10/16/2023,A,98734,Yes,NaN,NaN,NaN,Sealed,"<= 1,000 lbs",Pass,Pass,Pass,Pass,Pass,Pass,Pass,NaN,NaN,NaN,NaN,NaN,NaN,Pass,NaN,0.60001,NaN,NaN
003084-23,13762-1,10/16/2023,A,98734,No,NaN,NaN,NaN,Condemned,"<= 1,000 lbs",Pass,Pass,Pass,Pass,Fail,Fail,Pass,NaN,NaN,NaN,NaN,NaN,NaN,Pass,4.50000,NaN,2.00000,0.00000
00732-23C,831625,10/16/2023,A,98734,Yes,NaN,NaN,NaN,Condemned,"<= 1,000 lbs",Pass,Fail,Pass,Fail,Pass,Fail,Fail,NaN,NaN,NaN,NaN,NaN,NaN,Pass,3.38502,NaN,2.78503,NaN
003081-23,831537,10/16/2023,A,98734,Yes,NaN,NaN,NaN,Sealed,"<= 1,000 lbs",Pass,Pass,Pass,Pass,Pass,Pass,Pass,NaN,NaN,NaN,NaN,NaN,NaN,Pass,NaN,0.60001,NaN,NaN
003082-23,831620,10/16/2023,A,98734,Yes,NaN,NaN,NaN,Sealed,"<= 1,000 lbs",Pass,Pass,Pass,Pass,Pass,Pass,Pass,NaN,NaN,NaN,NaN,NaN,NaN,Pass,0.80001,NaN,NaN,NaN
00731-23C,831415,10/16/2023,A,98734,No,NaN,NaN,NaN,Condemned,"<= 1,000 lbs",Fail,NaN,NaN,NaN,NaN,NaN,NaN,NaN,NaN,NaN,NaN,NaN,NaN,NaN,NaN,38.60000,NaN,38.60000
003083-23,831754,10/16/2023,A,98734,Yes,NaN,NaN,NaN,Sealed,"<= 1,000 lbs",Pass,Pass,Pass,Pass,Pass,Pass,Pass,NaN,NaN,NaN,NaN,NaN,NaN,Pass,0.60001,NaN,0.60001,NaN
003091-23,13762-4,10/16/2023,A,98734,No,NaN,NaN,NaN,Sealed Subject,"<= 1,000 lbs",Pass,Pass,Pass,Pass,Pass,Fail,Pass,NaN,NaN,NaN,NaN,NaN,NaN,Pass,3.50000,NaN,1.00000,NaN
003093-23,831477,10/16/2023,A,98734,Yes,NaN,NaN,NaN,Sealed,"<= 1,000 lbs",Pass,Pass,Pass,Pass,Pass,Pass,Pass,NaN,NaN,NaN,NaN,NaN,NaN,Pass,1.79996,NaN,NaN,NaN
003092-23,1135,10/16/2023,A,98734,Yes,NaN,NaN,NaN,Sealed,"<= 1,000 lbs",Pass,Pass,Pass,Pass,Pass,Pass,Pass,NaN,NaN,NaN,NaN,NaN,NaN,Pass,NaN,NaN,NaN,NaN
003094-23,831732,10/16/2023,A,98734,Yes,NaN,NaN,NaN,Sealed,"<= 1,000 lbs",Pass,Pass,Pass,Pass,Pass,Pass,Pass,NaN,NaN,NaN,NaN,NaN,NaN,Pass,NaN,NaN,NaN,NaN
003087-23,831628,10/16/2023,A,98734,Yes,NaN,NaN,NaN,Sealed,"<= 1,000 lbs",Pass,Pass,Pass,Pass,Pass,Pass,Pass,NaN,NaN,NaN,NaN,NaN,NaN,Pass,NaN,NaN,NaN,NaN
003089-23,831619,10/16/2023,A,98734,Yes,NaN,NaN,NaN,Sealed,"<= 1,000 lbs",Pass,Pass,Pass,Pass,Pass,Pass,Pass,NaN,NaN,NaN,NaN,NaN,NaN,Pass,NaN,0.99999,NaN,NaN
003088-23,831480,10/16/2023,A,98734,Yes,NaN,NaN,NaN,Sealed,"<= 1,000 lbs",Pass,Pass,Pass,Pass,Pass,Pass,Pass,NaN,NaN,NaN,NaN,NaN,NaN,Pass,NaN,0.40001,NaN,NaN
002058-23,C305828362,10/16/2023,A,98734,Yes,NaN,NaN,NaN,Sealed,"<= 1,000 lbs",Pass,Pass,Pass,Pass,Pass,Pass,Pass,NaN,NaN,NaN,NaN,NaN,NaN,Pass,NaN,NaN,NaN,NaN
003086-23,831496,10/16/2023,A,98734,Yes,NaN,NaN,NaN,Sealed,"<= 1,000 lbs",Pass,Pass,Pass,Pass,Pass,Pass,Pass,NaN,NaN,NaN,NaN,NaN,NaN,Pass,1.00001,NaN,NaN,NaN
003079-23,831631,10/16/2023,A,98734,Yes,NaN,NaN,NaN,Sealed,"<= 1,000 lbs",Pass,Pass,Pass,Pass,Pass,Pass,Pass,NaN,NaN,NaN,NaN,NaN,NaN,Pass,NaN,0.60001,NaN,NaN
003078-23,831734,10/16/2023,A,98734,Yes,NaN,NaN,NaN,Sealed,"<= 1,000 lbs",Pass,Pass,Pass,Pass,Pass,Pass,Pass,NaN,NaN,NaN,NaN,NaN,NaN,Pass,0.60000,NaN,NaN,NaN
003080-23,831752,10/16/2023,A,98734,Yes,NaN,NaN,NaN,Sealed,"<= 1,000 lbs",Pass,Pass,Pass,Pass,Pass,Pass,Pass,NaN,NaN,NaN,NaN,NaN,NaN,Pass,NaN,0.80000,NaN,NaN
162146-23,301-23,10/16/2023,A,98734,No,NaN,NaN,NaN,Sealed,"<= 1,000 lbs",Pass,Pass,Pass,Pass,Pass,Pass,Fail,NaN,NaN,NaN,NaN,NaN,NaN,Pass,300.00000,NaN,300.00000,NaN
162147-23,302-23,10/16/2023,A,98734,Yes,NaN,NaN,NaN,Sealed,"<= 1,000 lbs",Pass,Pass,Pass,Pass,Pass,Pass,Pass,NaN,NaN,NaN,NaN,NaN,NaN,Pass,NaN,0.80001,NaN,NaN
162148-23,303-23,10/16/2023,A,98734,Yes,NaN,NaN,NaN,Sealed,"<= 1,000 lbs",Pass,Pass,Pass,Pass,Pass,Pass,Pass,NaN,NaN,NaN,NaN,NaN,NaN,Pass,NaN,0.20001,NaN,NaN
02623-23C,304-23,10/16/2023,A,98734,No,NaN,NaN,NaN,Condemned,"<= 1,000 lbs",Pass,Fail,Fail,Fail,Fail,Fail,Fail,NaN,NaN,NaN,NaN,NaN,NaN,Pass,NaN,5.60001,NaN,5.60001
162149-23,305-23,10/16/2023,A,98734,Yes,NaN,NaN,NaN,Sealed,"<= 1,000 lbs",Pass,Pass,Pass,Pass,Pass,Pass,Pass,NaN,NaN,NaN,NaN,NaN,NaN,Pass,NaN,NaN,NaN,NaN
162150-23,306-23,10/16/2023,A,98734,Yes,NaN,NaN,NaN,Sealed,"<= 1,000 lbs",Pass,Pass,Pass,Pass,Pass,Pass,Pass,NaN,NaN,NaN,NaN,NaN,NaN,Pass,NaN,NaN,NaN,NaN
162140-23,20330500123,10/16/2023,A,98734,Yes,NaN,NaN,NaN,Sealed,"<= 1,000 lbs",Pass,Pass,Pass,Pass,Pass,Pass,Pass,NaN,NaN,NaN,NaN,NaN,NaN,Pass,NaN,NaN,NaN,NaN
162141-23,2030200031,10/16/2023,A,98734,Yes,NaN,NaN,NaN,Sealed,"<= 1,000 lbs",Pass,Pass,Pass,Pass,Pass,Pass,Pass,NaN,NaN,NaN,NaN,NaN,NaN,Pass,NaN,NaN,NaN,NaN
162142-23,20302000059,10/16/2023,A,98734,Yes,NaN,NaN,NaN,Sealed,"<= 1,000 lbs",Pass,Pass,Pass,Pass,Pass,Pass,Pass,NaN,NaN,NaN,NaN,NaN,NaN,Pass,NaN,NaN,NaN,NaN
162143-23,2030200038,10/16/2023,A,98734,Yes,NaN,NaN,NaN,Sealed,"<= 1,000 lbs",Pass,Pass,Pass,Pass,Pass,Pass,Pass,NaN,NaN,NaN,NaN,NaN,NaN,Pass,NaN,NaN,NaN,NaN
162144-23,2030200060,10/16/2023,A,98734,Yes,NaN,NaN,NaN,Sealed,"<= 1,000 lbs",Pass,Pass,Pass,Pass,Pass,Pass,Pass,NaN,NaN,NaN,NaN,NaN,NaN,Pass,NaN,NaN,NaN,NaN
162145-23,2030200032,10/16/2023,A,98734,Yes,NaN,NaN,NaN,Sealed,"<= 1,000 lbs",Pass,Pass,Pass,Pass,Pass,Pass,Pass,NaN,NaN,NaN,NaN,NaN,NaN,Pass,NaN,NaN,NaN,NaN
162131-23,831481,10/16/2023,A,98734,Yes,NaN,NaN,NaN,Sealed,"<= 1,000 lbs",Pass,Pass,Pass,Pass,Pass,Pass,Pass,NaN,NaN,NaN,NaN,NaN,NaN,Pass,NaN,NaN,NaN,NaN
162128-23,831910,10/16/2023,A,98734,Yes,NaN,NaN,NaN,Sealed,"<= 1,000 lbs",Pass,Pass,Pass,Pass,Pass,Pass,Pass,NaN,NaN,NaN,NaN,NaN,NaN,Pass,NaN,NaN,NaN,NaN
162130-23,831626,10/16/2023,A,98734,Yes,NaN,NaN,NaN,Sealed,"<= 1,000 lbs",Pass,Pass,Pass,Pass,Pass,Pass,Pass,NaN,NaN,NaN,NaN,NaN,NaN,Pass,NaN,NaN,NaN,NaN
162129-23,831465,10/16/2023,A,98734,Yes,NaN,NaN,NaN,Sealed,"<= 1,000 lbs",Pass,Pass,Pass,Pass,Pass,Pass,Pass,NaN,NaN,NaN,NaN,NaN,NaN,Pass,NaN,NaN,NaN,NaN
162132-23,831473,10/16/2023,A,98734,Yes,NaN,NaN,NaN,Sealed,"<= 1,000 lbs",Pass,Pass,Pass,Pass,Pass,Pass,Pass,NaN,NaN,NaN,NaN,NaN,NaN,Pass,NaN,NaN,NaN,NaN
162133-23,831282,10/16/2023,A,98734,Yes,NaN,NaN,NaN,Sealed,"<= 1,000 lbs",Pass,Pass,Pass,Pass,Pass,Pass,Pass,NaN,NaN,NaN,NaN,NaN,NaN,Pass,NaN,NaN,NaN,NaN
162134-23,831483,10/16/2023,A,98734,Yes,NaN,NaN,NaN,Sealed,"<= 1,000 lbs",Pass,Pass,Pass,Pass,Pass,Pass,Pass,NaN,NaN,NaN,NaN,NaN,NaN,Pass,NaN,NaN,NaN,NaN
162135-23,831487,10/16/2023,A,98734,Yes,NaN,NaN,NaN,Sealed,"<= 1,000 lbs",Pass,Pass,Pass,Pass,Pass,Pass,Pass,NaN,NaN,NaN,NaN,NaN,NaN,Pass,NaN,NaN,NaN,NaN
162136-23,206-23,10/16/2023,A,98734,Yes,NaN,NaN,NaN,Sealed,"<= 1,000 lbs",Pass,Pass,Pass,Pass,Pass,Pass,Pass,NaN,NaN,NaN,NaN,NaN,NaN,Pass,NaN,NaN,NaN,NaN
162137-23,205-23,10/16/2023,A,98734,Yes,NaN,NaN,NaN,Sealed,"<= 1,000 lbs",Pass,Pass,Pass,Pass,Pass,Pass,Pass,NaN,NaN,NaN,NaN,NaN,NaN,Pass,NaN,NaN,NaN,NaN
162138-23,204-23,10/16/2023,A,98734,Yes,NaN,NaN,NaN,Sealed,"<= 1,000 lbs",Pass,Pass,Pass,Pass,Pass,Pass,Pass,NaN,NaN,NaN,NaN,NaN,NaN,Pass,NaN,NaN,NaN,NaN
162139-23,203-23,10/16/2023,A,98734,Yes,NaN,NaN,NaN,Sealed,"<= 1,000 lbs",Pass,Pass,Pass,Pass,Pass,Pass,Pass,NaN,NaN,NaN,NaN,NaN,NaN,Pass,NaN,NaN,NaN,NaN
162155-23,607-23,10/16/2023,A,98734,Yes,NaN,NaN,NaN,Sealed,"<= 1,000 lbs",Pass,Pass,Pass,Pass,Pass,Pass,Pass,NaN,NaN,NaN,NaN,NaN,NaN,Pass,NaN,0.80001,NaN,NaN
162156-23,831237,10/16/2023,A,98734,Yes,NaN,NaN,NaN,Sealed,"<= 1,000 lbs",Pass,Pass,Pass,Pass,Pass,Pass,Pass,NaN,NaN,NaN,NaN,NaN,NaN,Pass,NaN,0.20001,NaN,NaN
162157-23,609-23,10/16/2023,A,98734,Yes,NaN,NaN,NaN,Sealed,"<= 1,000 lbs",Pass,Pass,Pass,Pass,Pass,Pass,Pass,NaN,NaN,NaN,NaN,NaN,NaN,Pass,NaN,NaN,NaN,NaN
162158-23,610-23,10/16/2023,A,98734,Yes,NaN,NaN,NaN,Sealed,"<= 1,000 lbs",Pass,Pass,Pass,Pass,Pass,Pass,Pass,NaN,NaN,NaN,NaN,NaN,NaN,Pass,NaN,NaN,NaN,NaN
162159-23,611-23,10/16/2023,A,98734,Yes,NaN,NaN,NaN,Sealed,"<= 1,000 lbs",Pass,Pass,Pass,Pass,Pass,Pass,Pass,NaN,NaN,NaN,NaN,NaN,NaN,Pass,NaN,0.60001,NaN,NaN
162160-23,612-23,10/16/2023,A,98734,Yes,NaN,NaN,NaN,Sealed,"<= 1,000 lbs",Pass,Pass,Pass,Pass,Pass,Pass,Pass,NaN,NaN,NaN,NaN,NaN,NaN,Pass,NaN,NaN,NaN,NaN
162161-23,MINT3-23,10/16/2023,A,98734,Yes,NaN,NaN,NaN,Sealed,"<= 1,000 lbs",Pass,Pass,Pass,Pass,Pass,Pass,Pass,NaN,NaN,NaN,NaN,NaN,NaN,NaN,NaN,0.80001,NaN,NaN
162162-23,MINT 2-23,10/16/2023,A,98734,Yes,NaN,NaN,NaN,Sealed,"<= 1,000 lbs",Pass,Pass,Pass,Pass,Pass,Pass,Pass,NaN,NaN,NaN,NaN,NaN,NaN,Pass,NaN,NaN,NaN,NaN
162163-23,MINT 1-23,10/16/2023,A,98734,Yes,NaN,NaN,NaN,Sealed,"<= 1,000 lbs",Pass,Pass,Pass,Pass,Pass,Pass,Pass,NaN,NaN,NaN,NaN,NaN,NaN,Pass,NaN,0.40001,NaN,NaN
02624-23C,401-23,10/16/2023,A,98734,No,NaN,NaN,NaN,Condemned,"<= 1,000 lbs",Pass,Fail,Fail,Pass,Pass,Pass,Pass,NaN,NaN,NaN,NaN,NaN,NaN,Pass,1.60000,0.20000,1.00000,NaN
162151-23,402-23,10/16/2023,A,98734,Yes,NaN,NaN,NaN,Sealed,"<= 1,000 lbs",Pass,Pass,Pass,Pass,Pass,Pass,Pass,NaN,NaN,NaN,NaN,NaN,NaN,Pass,NaN,0.40001,NaN,NaN
162152-23,403-23,10/16/2023,A,98734,Yes,NaN,NaN,NaN,Sealed,"<= 1,000 lbs",Pass,Pass,Pass,Pass,Pass,Pass,Pass,NaN,NaN,NaN,NaN,NaN,NaN,Pass,NaN,NaN,NaN,NaN
02625-23C,404-23,10/16/2023,A,98734,No,NaN,NaN,NaN,Sealed Subject,"<= 1,000 lbs",Pass,Pass,Pass,Pass,Pass,Pass,Fail,NaN,NaN,NaN,NaN,NaN,NaN,Pass,NaN,2.39996,NaN,0.79999
162153-23,405-23,10/16/2023,A,98734,Yes,NaN,NaN,NaN,Sealed,"<= 1,000 lbs",Pass,Pass,Pass,Pass,Pass,Pass,Pass,NaN,NaN,NaN,NaN,NaN,NaN,Pass,NaN,1.00010,NaN,NaN
162154-23,406-23,10/16/2023,A,98713,Yes,NaN,NaN,NaN,Sealed,"<= 1,000 lbs",Pass,Pass,Pass,Pass,Pass,Pass,Pass,NaN,NaN,NaN,NaN,NaN,NaN,Pass,NaN,NaN,NaN,NaN
002987-23,SIL02076,10/17/2023,B,98713,No,Fail,NaN,NaN,Sealed,"<= 1,000 lbs",Pass,Pass,Pass,Pass,Pass,Pass,Pass,Pass,Pass,Pass,NaN,NaN,NaN,NaN,1.00000,NaN,NaN,NaN
002986-23,SIL02075,10/17/2023,B,98713,No,Fail,NaN,NaN,Sealed Subject,"<= 1,000 lbs",Pass,Pass,Pass,Pass,Pass,Fail,Pass,Pass,Pass,Pass,Pass,NaN,NaN,Pass,3.00000,NaN,0.50000,NaN
002981-23,SIL02067,10/17/2023,B,98713,No,Fail,NaN,NaN,Sealed,"<= 1,000 lbs",Pass,Pass,Pass,Pass,Pass,Pass,Pass,Pass,Pass,Pass,Pass,NaN,NaN,Pass,NaN,NaN,NaN,NaN
002984-23,SIL02070,10/17/2023,B,98713,No,Fail,NaN,NaN,Sealed,"<= 1,000 lbs",Pass,Pass,Pass,Pass,Pass,Pass,Pass,Pass,Pass,Pass,Pass,NaN,NaN,Pass,1.00000,NaN,NaN,NaN
002993-23,SIL02074,10/17/2023,B,98713,No,Fail,NaN,NaN,Sealed,"<= 1,000 lbs",Pass,Pass,Pass,Pass,Pass,Pass,Pass,Pass,Pass,Pass,Pass,NaN,NaN,Pass,2.00000,NaN,NaN,NaN
00817-23C,SIL02061,10/17/2023,B,98713,No,Fail,NaN,NaN,Condemned,"<= 1,000 lbs",Pass,Pass,Pass,Pass,Pass,Pass,Pass,Pass,Pass,Pass,Fail,NaN,NaN,Pass,25.50000,NaN,25.00000,NaN
00818-23C,SIL2071,10/17/2023,B,98713,No,Fail,NaN,NaN,Condemned,"<= 1,000 lbs",Pass,Pass,Pass,Pass,Pass,Pass,Fail,Fail,Fail,Fail,Fail,NaN,NaN,Pass,140.50000,NaN,140.50000,NaN
00819-23C,SIL02072,10/17/2023,B,98713,No,Fail,NaN,NaN,Condemned,"<= 1,000 lbs",Pass,Pass,Pass,Pass,Pass,Pass,Pass,Fail,Fail,Fail,Fail,NaN,NaN,Pass,32.50000,NaN,32.00000,NaN
002992-23,SIL02061,10/17/2023,B,98713,No,Fail,NaN,NaN,Sealed,"<= 1,000 lbs",Pass,Pass,Pass,Pass,Pass,Pass,Pass,Pass,Pass,Pass,Pass,NaN,NaN,Pass,2.00000,NaN,NaN,NaN
002983-23,SIL02072,10/17/2023,B,98713,No,Fail,NaN,NaN,Sealed,"<= 1,000 lbs",Pass,Pass,Pass,Pass,Pass,Pass,Pass,Pass,Pass,Pass,Pass,NaN,NaN,Pass,NaN,NaN,NaN,NaN
00820-23C,SIL02078,10/17/2023,B,98713,No,Fail,NaN,NaN,Condemned,"<= 1,000 lbs",Pass,Pass,Pass,Pass,Fail,Fail,Fail,Fail,Fail,Fail,Fail,NaN,NaN,Pass,277.50000,NaN,277.50000,NaN
00821-23C,SIL02060,10/17/2023,B,98713,No,Fail,NaN,NaN,Condemned,"<= 1,000 lbs",Pass,Pass,Pass,Fail,Fail,Fail,Pass,Pass,Fail,Fail,Fail,NaN,NaN,Pass,9.50000,NaN,8.50000,NaN
002991-23,SIL02064,10/17/2023,B,98713,No,Fail,NaN,NaN,Sealed,"<= 1,000 lbs",Pass,Pass,Pass,Pass,Pass,Pass,Pass,Pass,Pass,Pass,Pass,NaN,NaN,Pass,2.00000,NaN,NaN,NaN
002982-23,SIL02063,10/17/2023,B,98713,No,Fail,NaN,NaN,Sealed,"<= 1,000 lbs",Pass,Pass,Pass,Pass,Pass,Pass,Pass,Pass,Pass,Pass,Pass,NaN,NaN,Pass,1.00000,NaN,NaN,NaN
00822-23C,SIL02065,10/17/2023,B,98713,No,Fail,NaN,NaN,Condemned,"<= 1,000 lbs",Pass,Fail,Fail,Fail,Fail,Fail,Fail,Fail,Fail,Fail,Fail,NaN,NaN,Pass,NaN,14.00000,NaN,14.00000
00805-23C,SIL02068,10/17/2023,B,98713,No,Fail,NaN,NaN,Condemned,"<= 1,000 lbs",Pass,Pass,Pass,Pass,Pass,Pass,Pass,Fail,Fail,Fail,Fail,NaN,NaN,Pass,33.00000,NaN,33.00000,NaN
002990-23,SIL02066,10/17/2023,B,98713,No,Fail,NaN,NaN,Sealed,"<= 1,000 lbs",Pass,Pass,Pass,Pass,Pass,Pass,Pass,Pass,Pass,Pass,Pass,NaN,NaN,Pass,NaN,NaN,NaN,NaN
2989-23,SIL3223,10/17/2023,B,98713,No,Fail,NaN,NaN,Sealed,"<= 1,000 lbs",Pass,Pass,Pass,Pass,Pass,Pass,Pass,Pass,Pass,Pass,Pass,NaN,NaN,Pass,0.50000,NaN,NaN,NaN
00806-23C,SIL01681,10/17/2023,B,98713,No,Fail,NaN,NaN,Condemned,"<= 1,000 lbs",Pass,Pass,Pass,Pass,Fail,Fail,Pass,Pass,Fail,Fail,Fail,NaN,NaN,Pass,5.50000,NaN,4.50000,NaN
002988-23,SIL01682,10/17/2023,B,98713,No,Fail,NaN,NaN,Sealed,"<= 1,000 lbs",Pass,Pass,Pass,Pass,Pass,Pass,Pass,Fail,Fail,Fail,Fail,NaN,NaN,Pass,1700.00000,NaN,1700.00000,NaN
002994-23,SIL01698,10/17/2023,B,98713,No,Fail,NaN,NaN,Sealed,"<= 1,000 lbs",Pass,Pass,Pass,Pass,Pass,Pass,Pass,Pass,Pass,Pass,Pass,NaN,NaN,Pass,NaN,NaN,NaN,NaN
002095-23,SIL01697,10/17/2023,B,98713,No,Fail,NaN,NaN,Sealed Subject,"<= 1,000 lbs",Pass,Pass,Pass,Pass,Fail,Fail,Pass,Pass,Pass,Pass,Pass,NaN,NaN,Pass,3.50000,NaN,1.00000,NaN
002996-23,SIL01675,10/17/2023,B,98713,No,Fail,NaN,NaN,Sealed,"<= 1,000 lbs",Pass,Pass,Pass,Pass,Pass,Pass,Pass,Fail,Fail,Fail,Fail,NaN,NaN,Pass,1700.00000,NaN,1700.00000,NaN
00807-23C,SIL01676,10/17/2023,B,98713,No,Fail,NaN,NaN,Condemned,"<= 1,000 lbs",Pass,Pass,Pass,Pass,Pass,Pass,Pass,Pass,Pass,Fail,Fail,NaN,NaN,Pass,95.50000,NaN,94.00000,NaN
002997-23,SIL01703,10/17/2023,B,98713,No,Fail,NaN,NaN,Sealed,"<= 1,000 lbs",Pass,Pass,Pass,Pass,Pass,Pass,Pass,Pass,Pass,Pass,Pass,NaN,NaN,Pass,NaN,NaN,NaN,NaN
002998-23,SIL01704,10/17/2023,B,98713,No,Fail,NaN,NaN,Sealed,"<= 1,000 lbs",Pass,Pass,Pass,Pass,Pass,Pass,Pass,Pass,Pass,Pass,Pass,NaN,NaN,Pass,NaN,NaN,NaN,NaN
001647-23,SIL01683,10/17/2023,B,98713,No,Fail,NaN,NaN,Sealed,"<= 1,000 lbs",Pass,Pass,Pass,Pass,Pass,Pass,Pass,Pass,Pass,Pass,Pass,NaN,NaN,Pass,1.00000,NaN,NaN,NaN
002999-23,SIL01684,10/17/2023,B,98713,No,Fail,NaN,NaN,Sealed,"<= 1,000 lbs",Pass,Pass,Pass,Pass,Pass,Pass,Pass,Pass,Pass,Pass,Pass,NaN,NaN,Pass,NaN,NaN,NaN,NaN
001632-23,SIL01727,10/17/2023,B,98713,No,Fail,NaN,NaN,Sealed Subject,"<= 1,000 lbs",Pass,Pass,Pass,Pass,Pass,Fail,Pass,Pass,Pass,Pass,Pass,NaN,NaN,Pass,1.00000,NaN,0.50000,NaN
001633-23,SIL01728,10/17/2023,B,98713,No,Fail,NaN,NaN,Sealed Subject,"<= 1,000 lbs",Pass,Pass,Pass,Pass,Pass,Fail,Pass,Pass,Pass,Pass,Pass,NaN,NaN,Pass,3.00000,NaN,0.50000,NaN
001634-23,SIL01729,10/17/2023,B,98713,No,Fail,NaN,NaN,Sealed Subject,"<= 1,000 lbs",Pass,Pass,Pass,Pass,Pass,Pass,Pass,Pass,Fail,Pass,Pass,NaN,NaN,Pass,3.00000,NaN,1.00000,NaN
001635-23,SIL01724,10/17/2023,B,98713,No,Fail,NaN,NaN,Sealed,"<= 1,000 lbs",Pass,Pass,Pass,Pass,Pass,Pass,Pass,Pass,Pass,Pass,Pass,NaN,NaN,Pass,0.50000,NaN,NaN,NaN
001636-23,IL01724,10/17/2023,B,98713,No,Fail,NaN,NaN,Sealed,"<= 1,000 lbs",Pass,Pass,Pass,Pass,Pass,Pass,Pass,Pass,Pass,Pass,Pass,NaN,NaN,Pass,NaN,NaN,NaN,NaN
001637-23,SIL01696,10/17/2023,B,98713,No,Fail,NaN,NaN,Condemned,"<= 1,000 lbs",Pass,Pass,Pass,Fail,Fail,Fail,Pass,Pass,Pass,Pass,Pass,NaN,NaN,Pass,4.00000,NaN,1.50000,NaN
00808-23C,SIL01737,10/17/2023,B,98713,No,Fail,NaN,NaN,Condemned,"<= 1,000 lbs",Pass,Pass,Pass,Pass,Pass,Fail,Pass,Fail,Pass,Pass,Fail,NaN,NaN,Pass,4.00000,NaN,2.50000,NaN
001638-23,SIL01738,10/17/2023,B,98713,No,Fail,NaN,NaN,Sealed,"<= 1,000 lbs",Pass,Pass,Pass,Pass,Pass,Pass,Pass,Pass,Pass,Pass,Pass,NaN,NaN,Pass,NaN,NaN,NaN,NaN
001639-23,SIL01757,10/17/2023,B,98713,No,Fail,NaN,NaN,Sealed,"<= 1,000 lbs",Pass,Pass,Pass,Pass,Pass,Pass,Pass,Pass,Pass,Pass,Fail,NaN,NaN,Pass,500.00000,NaN,500.00000,NaN
001640-23,SIL01758,10/17/2023,B,98713,No,Fail,NaN,NaN,Sealed Subject,"<= 1,000 lbs",Pass,Pass,Pass,Pass,Fail,Fail,Pass,Pass,Pass,Pass,Pass,NaN,NaN,Pass,3.50000,NaN,1.00000,NaN
001641-23,SIL01757,10/17/2023,B,98713,No,Fail,NaN,NaN,Sealed,"<= 1,000 lbs",Pass,Pass,Pass,Pass,Pass,Pass,Pass,Pass,Pass,Pass,Pass,NaN,NaN,Pass,NaN,NaN,NaN,NaN
001642-23,SIL01690,10/17/2023,B,98713,No,Fail,NaN,NaN,Sealed,"<= 1,000 lbs",Pass,Pass,Pass,Pass,Pass,Pass,Pass,Fail,Fail,Fail,Fail,NaN,NaN,Pass,1700.00000,NaN,1700.00000,NaN
001643-23,SIL01726,10/17/2023,B,98713,No,Fail,NaN,NaN,Sealed,"<= 1,000 lbs",Pass,Pass,Pass,Pass,Pass,Pass,Pass,Fail,Fail,Fail,Fail,NaN,NaN,Pass,1700.00000,NaN,1700.00000,NaN
001644-23,SIL01725,10/17/2023,B,98713,No,Fail,NaN,NaN,Sealed,"<= 1,000 lbs",Pass,Pass,Pass,Pass,Pass,Pass,Pass,Fail,Fail,Fail,Fail,NaN,NaN,Pass,1700.00000,NaN,1700.00000,NaN
00809-23C,SIL01691,10/17/2023,B,98713,No,Fail,NaN,NaN,Condemned,"<= 1,000 lbs",Pass,Pass,Pass,Pass,Pass,Pass,Fail,Fail,Fail,Fail,Fail,NaN,NaN,Pass,33.00000,NaN,33.00000,NaN
001645-23,SIL01692,10/17/2023,B,98713,No,Fail,NaN,NaN,Sealed,"<= 1,000 lbs",Pass,Pass,Pass,Pass,Pass,Pass,Pass,Pass,Pass,Pass,Pass,NaN,NaN,Pass,NaN,NaN,NaN,NaN
001646-23,SIL01750,10/17/2023,B,98713,No,Fail,NaN,NaN,Sealed,"<= 1,000 lbs",Pass,Pass,Pass,Pass,Pass,Pass,Pass,Pass,Pass,Pass,Pass,NaN,NaN,Pass,2.50000,NaN,NaN,NaN
002884-23,SIL01700,10/17/2023,B,98713,No,Fail,NaN,NaN,Sealed,"<= 1,000 lbs",Pass,Pass,Pass,Pass,Pass,Pass,Pass,Pass,Pass,Pass,Pass,NaN,NaN,Pass,NaN,NaN,NaN,NaN
002885-23,SIL01699,10/17/2023,B,98713,No,Fail,NaN,NaN,Sealed,"<= 1,000 lbs",Pass,Pass,Pass,Pass,Pass,Pass,Pass,Pass,Pass,Pass,Pass,NaN,NaN,Pass,NaN,NaN,NaN,NaN
002883-23,123,10/17/2023,B,98713,No,Fail,NaN,NaN,Condemned,"<= 1,000 lbs",Pass,Pass,Pass,Pass,Pass,Pass,Pass,Pass,Pass,Pass,Pass,NaN,NaN,Pass,NaN,NaN,NaN,NaN
002882-23,SIL01759,10/17/2023,B,98713,No,Fail,NaN,NaN,Sealed,"<= 1,000 lbs",Pass,Pass,Pass,Pass,Pass,Pass,Pass,Pass,Pass,Pass,Pass,NaN,NaN,Pass,1.50000,NaN,NaN,NaN
002881-23,SIL01753,10/17/2023,B,98713,No,Fail,NaN,NaN,Sealed,"<= 1,000 lbs",Pass,Pass,Pass,Pass,Pass,Pass,Pass,Pass,Pass,Pass,Pass,NaN,NaN,Pass,NaN,NaN,NaN,NaN
002886-23,SIL01708,10/17/2023,B,98713,No,Fail,NaN,NaN,Sealed,"<= 1,000 lbs",Pass,Pass,Pass,Pass,Pass,Pass,Pass,Pass,Pass,Pass,Pass,NaN,NaN,Pass,2.50000,NaN,NaN,NaN
00745-23C,SIL01707,10/17/2023,B,98713,No,Fail,NaN,NaN,Condemned,"<= 1,000 lbs",Pass,Pass,Pass,Pass,Pass,Pass,Pass,Pass,Pass,Pass,Fail,NaN,NaN,Pass,8.00000,NaN,7.50000,NaN
002887-23,SIL01751,10/17/2023,B,98713,No,Fail,NaN,NaN,Sealed,"<= 1,000 lbs",Pass,Pass,Pass,Pass,Pass,Pass,Pass,Pass,Pass,Pass,Pass,NaN,NaN,Pass,NaN,NaN,NaN,NaN
002888-23,SIL01769,10/17/2023,B,98713,No,Fail,NaN,NaN,Sealed,"<= 1,000 lbs",Pass,Pass,Pass,Pass,Pass,Pass,Pass,Pass,Pass,Pass,Pass,NaN,NaN,Pass,2.50000,NaN,NaN,NaN
00746-23C,SIL01770,10/17/2023,B,98713,No,Fail,NaN,NaN,Condemned,"<= 1,000 lbs",Pass,Pass,Pass,Pass,Fail,Fail,Fail,Fail,Fail,Fail,Fail,NaN,NaN,Pass,14.00000,NaN,14.00000,NaN
00747-23C,SIL01766,10/17/2023,B,98713,No,Fail,NaN,NaN,Condemned,"<= 1,000 lbs",Pass,Fail,Fail,Fail,Fail,Fail,Pass,Pass,Pass,Pass,Pass,NaN,NaN,Pass,5.00000,NaN,2.50000,NaN
00748-23C,SIL01765,10/17/2023,B,98713,No,Fail,NaN,NaN,Condemned,"<= 1,000 lbs",Pass,Pass,Pass,Pass,Fail,Fail,Fail,Fail,Fail,Fail,Fail,NaN,NaN,Pass,133.50000,NaN,133.50000,NaN
002889-23,SIL01767,10/17/2023,B,98713,No,Fail,NaN,NaN,Sealed,"<= 1,000 lbs",Pass,Pass,Pass,Pass,Pass,Pass,Pass,Pass,Pass,Pass,Pass,NaN,NaN,Pass,NaN,NaN,NaN,NaN
00745-23C,SIL01768,10/17/2023,B,98713,No,Fail,NaN,NaN,Condemned,"<= 1,000 lbs",Pass,Pass,Fail,Fail,Fail,Fail,Pass,Pass,Pass,Pass,Pass,NaN,NaN,Pass,4.50000,NaN,2.00000,NaN
00750-23C,SIL01710,10/17/2023,B,98713,No,Fail,NaN,NaN,Condemned,"<= 1,000 lbs",Pass,Pass,Pass,Pass,Fail,Fail,Pass,Pass,Pass,Pass,Fail,NaN,NaN,Pass,213.00000,NaN,211.00000,NaN
00739-23C,SIL01709,10/17/2023,B,98713,No,Fail,NaN,NaN,Condemned,"<= 1,000 lbs",Pass,Pass,Pass,Pass,Pass,Pass,Pass,Pass,Fail,Fail,Fail,NaN,NaN,Pass,6.00000,NaN,6.00000,NaN
002891-23,SIL01705,10/17/2023,B,98713,No,Fail,NaN,NaN,Sealed,"<= 1,000 lbs",Pass,Pass,Pass,Pass,Pass,Pass,Pass,Pass,Pass,Pass,Pass,NaN,NaN,Pass,1.00000,NaN,NaN,NaN
00740-23C,SIL01706,10/17/2023,B,98713,No,Fail,NaN,NaN,Sealed,"<= 1,000 lbs",Pass,Fail,Fail,Fail,Fail,Fail,Pass,Fail,Fail,Fail,Fail,NaN,NaN,Pass,38.00000,NaN,37.50000,NaN
00741-23C,SIL01670,10/17/2023,B,98713,No,Fail,NaN,NaN,Condemned,"<= 1,000 lbs",Pass,Pass,Pass,Pass,Pass,Fail,Pass,Pass,Pass,Fail,Fail,NaN,NaN,Pass,503.00000,NaN,501.50000,NaN
002890-23,SIL01669,10/17/2023,B,98713,No,Fail,NaN,NaN,Sealed,"<= 1,000 lbs",Pass,Pass,Pass,Pass,Pass,Pass,Pass,Pass,Pass,Pass,Pass,NaN,NaN,Pass,NaN,NaN,NaN,NaN
002892-23,SIL01685,10/17/2023,B,98713,No,Fail,NaN,NaN,Sealed,"<= 1,000 lbs",Pass,Pass,Pass,Pass,Pass,Pass,Pass,Pass,Pass,Pass,Pass,NaN,NaN,Pass,1.50000,NaN,NaN,NaN
002893-23,SIL01686,10/17/2023,B,98713,No,Fail,NaN,NaN,Sealed,"<= 1,000 lbs",Pass,Pass,Pass,Pass,Pass,Pass,Pass,Pass,Pass,Pass,Pass,NaN,NaN,Pass,0.50000,NaN,NaN,NaN
002894-23,SIL01722,10/17/2023,B,98713,No,Fail,NaN,NaN,Sealed,"<= 1,000 lbs",Pass,Pass,Pass,Pass,Pass,Pass,Pass,Pass,Pass,Pass,Pass,NaN,NaN,Pass,NaN,NaN,NaN,NaN
002895-23,SIL01721,10/17/2023,B,98713,No,Fail,NaN,NaN,Sealed,"<= 1,000 lbs",Pass,Pass,Pass,Pass,Pass,Pass,Pass,Pass,Pass,Pass,Pass,NaN,NaN,Pass,NaN,NaN,NaN,NaN
002896-23,SIL01730,10/17/2023,B,98713,No,Fail,NaN,NaN,Sealed,"<= 1,000 lbs",Pass,Pass,Pass,Pass,Pass,Pass,Pass,Pass,Pass,Pass,Fail,NaN,NaN,Pass,502.00000,NaN,500.00000,NaN
002897-23,SIL01729,10/17/2023,B,98713,No,Fail,NaN,NaN,Sealed,"<= 1,000 lbs",Pass,Pass,Pass,Pass,Pass,Pass,Pass,Pass,Pass,Pass,Pass,NaN,NaN,Pass,1.00000,NaN,NaN,NaN
002898-23,SIL01763,10/17/2023,B,98713,No,Fail,NaN,NaN,Sealed,"<= 1,000 lbs",Pass,Pass,Pass,Pass,Pass,Pass,Pass,Pass,Pass,Pass,Pass,NaN,NaN,Pass,2.00000,NaN,NaN,NaN
00744-23C,SIL01680,10/17/2023,B,98713,No,Fail,NaN,NaN,Condemned,"<= 1,000 lbs",Pass,Pass,Pass,Pass,Pass,Pass,Pass,Fail,Fail,Fail,Fail,NaN,NaN,Pass,46.50000,NaN,46.50000,NaN
00743-23C,SIL01679,10/17/2023,B,98713,No,Fail,NaN,NaN,Condemned,"<= 1,000 lbs",Pass,Pass,Pass,Pass,Pass,Pass,Pass,Fail,Pass,Fail,Fail,NaN,NaN,Pass,502.00000,NaN,502.00000,NaN
002899-23,SIL01687,10/17/2023,B,98713,No,Fail,NaN,NaN,Sealed,"<= 1,000 lbs",Pass,Pass,Pass,Pass,Pass,Pass,Pass,Pass,Pass,Pass,Pass,NaN,NaN,Pass,1.50000,NaN,NaN,NaN
00733-23C,SIL01688,10/17/2023,B,98713,No,Fail,NaN,NaN,Condemned,"<= 1,000 lbs",Pass,Pass,Pass,Pass,Pass,Fail,Pass,Pass,Pass,Pass,Fail,NaN,NaN,Pass,9.00000,NaN,7.00000,NaN
002900-23,SIL01762,10/17/2023,B,98713,No,Fail,NaN,NaN,Sealed,"<= 1,000 lbs",Pass,Pass,Pass,Pass,Pass,Pass,Pass,Pass,Pass,Pass,Pass,NaN,NaN,Pass,NaN,NaN,NaN,NaN
002901-23,SIL01761,10/17/2023,B,98713,No,Fail,NaN,NaN,Sealed,"<= 1,000 lbs",Pass,Pass,Pass,Pass,Pass,Pass,Pass,Pass,Pass,Pass,Pass,NaN,NaN,Pass,NaN,NaN,NaN,NaN
002902-23,SIL01747,10/17/2023,B,98713,No,Fail,NaN,NaN,Sealed,"<= 1,000 lbs",Pass,Pass,Pass,Pass,Pass,Pass,Pass,Pass,Pass,Pass,Pass,NaN,NaN,Pass,1.00000,NaN,NaN,NaN
00734-23C,SIL01743,10/17/2023,B,98713,No,Fail,NaN,NaN,Condemned,"<= 1,000 lbs",Pass,Fail,Fail,Fail,Fail,Fail,Fail,Fail,Fail,Fail,Fail,NaN,NaN,Pass,81.50000,NaN,81.50000,NaN
002903-23,SIL01716,10/17/2023,B,98713,No,Fail,NaN,NaN,Sealed,"<= 1,000 lbs",Pass,Pass,Pass,Pass,Pass,Pass,Pass,Fail,Fail,Fail,Fail,NaN,NaN,Pass,1700.00000,NaN,1700.00000,NaN
002904-23,SIL01715,10/17/2023,B,98713,No,Fail,NaN,NaN,Sealed,"<= 1,000 lbs",Pass,Pass,Pass,Pass,Pass,Pass,Pass,Fail,Fail,Fail,Fail,NaN,NaN,Pass,1700.00000,NaN,1700.00000,NaN
00735-23C,SIL01797,10/17/2023,B,98713,No,Fail,NaN,NaN,Condemned,"<= 1,000 lbs",Pass,Pass,Pass,Fail,Fail,Fail,Pass,Pass,Fail,Fail,Fail,NaN,NaN,Pass,NaN,5.50000,NaN,4.50000
00736-23C,SIL01798,10/17/2023,B,98713,No,Fail,NaN,NaN,Condemned,"<= 1,000 lbs",Pass,Pass,Pass,Fail,Fail,Fail,Fail,Fail,Fail,Fail,Pass,NaN,NaN,Pass,NaN,355.00000,NaN,355.00000
002905-23,SIL01809,10/17/2023,B,98713,No,Fail,NaN,NaN,Sealed,"<= 1,000 lbs",Pass,Pass,Pass,Pass,Pass,Pass,Pass,Pass,Pass,Pass,Pass,NaN,NaN,Pass,2.50000,NaN,NaN,NaN
002906-23,SIL01739,10/17/2023,B,98713,No,Fail,NaN,NaN,Sealed,"<= 1,000 lbs",Pass,Pass,Pass,Pass,Pass,Pass,Pass,Pass,Pass,Pass,Pass,NaN,NaN,Pass,NaN,NaN,NaN,NaN
00737-23C,SIL01804,10/17/2023,B,98713,No,Fail,NaN,NaN,Condemned,"<= 1,000 lbs",Pass,Pass,Pass,Fail,Fail,Fail,Pass,Pass,Pass,Pass,Pass,NaN,NaN,Pass,103.00000,NaN,100.50000,NaN
002907-23,SIL01803,10/17/2023,B,98713,No,Fail,NaN,NaN,Sealed,"<= 1,000 lbs",Pass,Pass,Pass,Pass,Pass,Pass,Pass,Fail,Fail,Fail,Fail,NaN,NaN,Pass,1700.00000,NaN,1700.00000,NaN
00738-23C,SIL01775,10/17/2023,B,98713,No,Fail,NaN,NaN,Condemned,"<= 1,000 lbs",Pass,Pass,Fail,Fail,Fail,Fail,Fail,Fail,Fail,Fail,Fail,NaN,NaN,Pass,9.00000,NaN,9.00000,NaN
OO2908-23,SIL01745,10/17/2023,B,98713,No,Fail,NaN,NaN,Sealed,"<= 1,000 lbs",Pass,Pass,Pass,Pass,Pass,Pass,Pass,Fail,Fail,Fail,Fail,NaN,NaN,Pass,1700.00000,NaN,1700.00000,NaN
002909-23,SIL01788,10/17/2023,B,98713,No,Fail,NaN,NaN,Sealed,"<= 1,000 lbs",Pass,Pass,Pass,Pass,Pass,Pass,Pass,Pass,Pass,Pass,Pass,NaN,NaN,Pass,NaN,NaN,NaN,NaN
00751-23C,SIL01787,10/17/2023,B,98713,No,Fail,NaN,NaN,Condemned,"<= 1,000 lbs",Pass,Pass,Pass,Fail,Fail,Fail,Fail,Fail,Fail,Fail,Fail,NaN,NaN,Pass,7.00000,NaN,7.00000,NaN
00895-NS,C22540,10/17/2023,B,98713,No,Fail,NaN,NaN,Not Sealed,"<= 1,000 lbs",NaN,NaN,NaN,NaN,NaN,NaN,NaN,NaN,NaN,NaN,NaN,NaN,NaN,NaN,NaN,NaN,NaN,NaN
00896-NS,1761700133,10/17/2023,B,98713,No,Fail,NaN,NaN,Not Sealed,"<= 1,000 lbs",NaN,NaN,NaN,NaN,NaN,NaN,NaN,NaN,NaN,NaN,NaN,NaN,NaN,NaN,NaN,NaN,NaN,NaN
00897-NS,1797400051,10/17/2023,B,98713,No,Fail,NaN,NaN,Not Sealed,"<= 1,000 lbs",NaN,NaN,NaN,NaN,NaN,NaN,NaN,NaN,NaN,NaN,NaN,NaN,NaN,NaN,NaN,NaN,NaN,NaN
00898-23,C22541,10/17/2023,B,98713,No,Fail,NaN,NaN,Not Sealed,"<= 1,000 lbs",NaN,NaN,NaN,NaN,NaN,NaN,NaN,NaN,NaN,NaN,NaN,NaN,NaN,NaN,NaN,NaN,NaN,NaN
002910-23,4R-003114,10/17/2023,B,98713,No,Fail,NaN,NaN,Sealed,"<= 1,000 lbs",Pass,Pass,Pass,Pass,Pass,Pass,Pass,Pass,Pass,Pass,Pass,NaN,NaN,Pass,0.50004,NaN,NaN,NaN
00752-23C,PA57409-8,10/17/2023,B,98713,No,Fail,NaN,NaN,Condemned,"<= 1,000 lbs",Pass,Pass,Pass,Pass,Pass,Fail,Fail,Fail,Fail,Fail,Pass,NaN,NaN,Pass,2.60001,NaN,2.50000,NaN
00753-23C,SIL01694,10/17/2023,B,98713,No,Fail,NaN,NaN,Condemned,"<= 1,000 lbs",Pass,Fail,Fail,Fail,Fail,Fail,Fail,Fail,Fail,Fail,Fail,NaN,NaN,Pass,1703.50000,NaN,1703.50000,NaN
002911-23,SIL01693,10/17/2023,B,98713,No,Fail,NaN,NaN,Sealed,"<= 1,000 lbs",Pass,Pass,Pass,Pass,Pass,Pass,Pass,Fail,Fail,Fail,Fail,NaN,NaN,Pass,1700.00000,NaN,1700.00000,NaN
00787-23C,06094-2,10/17/2023,B,98713,No,Fail,NaN,NaN,Condemned,"<= 1,000 lbs",Pass,Pass,Pass,Fail,Fail,Fail,Pass,Pass,Pass,Pass,Fail,NaN,NaN,Pass,NaN,4.50000,NaN,2.50000
00788-23C,06094-11,10/17/2023,B,98713,No,Fail,NaN,NaN,Sealed,"<= 1,000 lbs",Pass,Pass,Pass,Pass,Pass,Pass,Pass,Pass,Fail,Pass,Pass,NaN,NaN,Pass,NaN,2.50000,NaN,1.00000
001660-23,06094-3,10/17/2023,B,98713,No,Fail,NaN,NaN,Sealed,"<= 1,000 lbs",Pass,Pass,Pass,Pass,Pass,Pass,Pass,Pass,Fail,Pass,Pass,NaN,NaN,Pass,NaN,2.50000,NaN,1.00000
00797-C,06094-9,10/17/2023,B,98713,No,Fail,NaN,NaN,Condemned,"<= 1,000 lbs",Pass,Pass,Pass,Pass,Pass,Fail,Pass,Pass,Pass,Pass,Pass,NaN,NaN,Pass,0.50000,2.50000,0.50000,NaN
00798-23C,06094-5,10/17/2023,B,98713,No,Fail,NaN,NaN,Condemned,"<= 1,000 lbs",Pass,Pass,Pass,Pass,Fail,Fail,Pass,Pass,Pass,Fail,Fail,NaN,NaN,Pass,NaN,4.50000,NaN,3.00000
001659-23,06094-5,10/17/2023,B,98713,No,Fail,NaN,NaN,Sealed,"<= 1,000 lbs",Pass,Pass,Pass,Pass,Pass,Pass,Pass,Pass,Pass,Pass,Pass,NaN,NaN,Pass,NaN,1.00000,NaN,NaN
00795-23C,06094-4,10/17/2023,B,98713,No,Fail,NaN,NaN,Sealed,"<= 1,000 lbs",Pass,Pass,Pass,Fail,Fail,Fail,Pass,Fail,Fail,Fail,Fail,NaN,NaN,Pass,NaN,6.50000,NaN,6.00000
00796-23C,1752,10/17/2023,B,98713,No,Fail,NaN,NaN,Condemned,"<= 1,000 lbs",Pass,Pass,Pass,Pass,Fail,Fail,Fail,Fail,Fail,Fail,Fail,NaN,NaN,Pass,2001.00000,NaN,2001.00000,NaN
001658-23,06094-14,10/17/2023,B,98713,No,Fail,NaN,NaN,Sealed,"<= 1,000 lbs",Pass,Pass,Pass,Pass,Pass,Pass,Pass,Pass,Pass,Pass,Pass,NaN,NaN,Pass,NaN,1.50000,NaN,NaN
00793-23C,06094-13,10/17/2023,B,98713,No,Fail,NaN,NaN,Condemned,"<= 1,000 lbs",Pass,Pass,Pass,Pass,Pass,Fail,Pass,Pass,Pass,Fail,Fail,NaN,NaN,Pass,NaN,4.00000,NaN,4.00000
00794-23C,06094-17,10/17/2023,B,98713,No,Fail,NaN,NaN,Condemned,"<= 1,000 lbs",Pass,Pass,Pass,Pass,Fail,Fail,Pass,Pass,Pass,Pass,Pass,NaN,NaN,Pass,NaN,1.50000,NaN,1.00000
001657-23,06094-18,10/17/2023,B,98713,No,Fail,NaN,NaN,Sealed,"<= 1,000 lbs",Pass,Pass,Pass,Pass,Pass,Pass,Pass,Pass,Pass,Pass,Pass,NaN,NaN,Pass,1.00000,NaN,NaN,NaN
001656-23,06094-7,10/17/2023,B,98713,No,Fail,NaN,NaN,Sealed,"<= 1,000 lbs",Pass,Pass,Pass,Pass,Pass,Pass,Pass,Pass,Pass,Pass,Pass,NaN,NaN,Pass,NaN,NaN,NaN,NaN
003077-23,06094-16,10/17/2023,B,98713,No,Fail,NaN,NaN,Sealed,"<= 1,000 lbs",Pass,Pass,Pass,Pass,Pass,Pass,Pass,Pass,Pass,Pass,Pass,NaN,NaN,Pass,NaN,0.50000,NaN,NaN
00790-23C,06094-8,10/17/2023,B,98713,No,Fail,NaN,NaN,Condemned,"<= 1,000 lbs",Pass,Pass,Pass,Pass,Fail,Fail,Fail,Pass,Fail,Fail,Pass,NaN,NaN,Pass,4.50000,102.00000,4.50000,102.00000
00789-23C,06094-15,10/17/2023,B,98713,No,Fail,NaN,NaN,Condemned,"<= 1,000 lbs",Pass,Pass,Pass,Pass,Fail,Fail,Pass,Pass,Fail,Fail,Fail,NaN,NaN,Pass,NaN,5.50000,NaN,4.50000
002884-23,SIL01700,10/17/2023,B,98713,No,Fail,NaN,NaN,Sealed,"<= 1,000 lbs",Pass,Pass,Pass,Pass,Pass,Pass,Pass,Pass,Pass,Pass,Pass,NaN,NaN,Pass,NaN,NaN,NaN,NaN
002885-23,SIL01699,10/17/2023,B,98713,No,Fail,NaN,NaN,Sealed,"<= 1,000 lbs",Pass,Pass,Pass,Pass,Pass,Pass,Pass,Pass,Pass,Pass,Pass,NaN,NaN,Pass,NaN,NaN,NaN,NaN
002883-23,SIL01760,10/17/2023,B,98713,No,Fail,NaN,NaN,Sealed,"<= 1,000 lbs",Pass,Pass,Pass,Pass,Pass,Pass,Pass,Pass,Pass,Pass,Pass,NaN,NaN,Pass,NaN,NaN,NaN,NaN
002882-23,123,10/17/2023,B,98713,No,Fail,NaN,NaN,Sealed,"<= 1,000 lbs",Pass,Pass,Pass,Pass,Pass,Pass,Pass,Pass,Pass,Pass,Pass,NaN,NaN,Pass,1.50000,NaN,NaN,NaN
002880-23,SIL01754,10/17/2023,B,98713,No,Fail,NaN,NaN,Sealed,"<= 1,000 lbs",Pass,Pass,Pass,Pass,Pass,Pass,Pass,Pass,Pass,Pass,Pass,NaN,NaN,Pass,NaN,NaN,NaN,NaN
002881-23,SIL01753,10/17/2023,B,98713,No,Fail,NaN,NaN,Sealed,"<= 1,000 lbs",Pass,Pass,Pass,Pass,Pass,Pass,Pass,Pass,Pass,Pass,Pass,NaN,NaN,Pass,NaN,NaN,NaN,NaN
002886-23,SIL01708,10/17/2023,B,98713,No,Fail,NaN,NaN,Sealed,"<= 1,000 lbs",Pass,Pass,Pass,Pass,Pass,Pass,Pass,Pass,Pass,Pass,Pass,NaN,NaN,Pass,2.50000,NaN,NaN,NaN
00745-23C,SIL01707,10/17/2023,B,98713,No,Fail,NaN,NaN,Condemned,"<= 1,000 lbs",Pass,Pass,Pass,Pass,Pass,Pass,Pass,Pass,Pass,Pass,Fail,NaN,NaN,Pass,8.00000,NaN,7.50000,NaN
002887-23,SIL01751,10/17/2023,B,98713,No,Fail,NaN,NaN,Sealed,"<= 1,000 lbs",Pass,Pass,Pass,Pass,Pass,Pass,Pass,Pass,Pass,Pass,Pass,NaN,NaN,Pass,NaN,NaN,NaN,NaN
002888-23,SIL01769,10/17/2023,B,98713,No,Fail,NaN,NaN,Sealed,"<= 1,000 lbs",Pass,Pass,Pass,Pass,Pass,Pass,Pass,Pass,Pass,Pass,Pass,NaN,NaN,Pass,2.50000,NaN,NaN,NaN
00746-23C,SIL01770,10/17/2023,B,98713,No,Fail,NaN,NaN,Condemned,"<= 1,000 lbs",Pass,Pass,Pass,Pass,Fail,Fail,Fail,Fail,Fail,Fail,Fail,NaN,NaN,Pass,14.00000,NaN,14.00000,NaN
00747-23C,SIL01766,10/17/2023,B,98713,No,Fail,NaN,NaN,Condemned,"<= 1,000 lbs",Pass,Fail,Fail,Fail,Fail,Fail,Pass,Pass,Pass,Pass,Pass,NaN,NaN,Pass,5.00000,NaN,2.50000,NaN
00748-23C,SIL01765,10/17/2023,B,98713,No,Fail,NaN,NaN,Condemned,"<= 1,000 lbs",Pass,Pass,Pass,Pass,Fail,Fail,Fail,Fail,Fail,Fail,Fail,NaN,NaN,Pass,133.50000,NaN,133.50000,NaN
00755-23C,SIL01786,10/17/2023,B,98713,No,Fail,NaN,NaN,Sealed,"<= 1,000 lbs",Pass,Pass,Pass,Fail,Fail,Fail,Pass,Fail,Fail,Fail,Fail,NaN,NaN,Pass,1702.00000,NaN,1701.50000,NaN
002918-23,SIL01785,10/17/2023,B,98713,No,Fail,NaN,NaN,Sealed,"<= 1,000 lbs",Pass,Pass,Pass,Pass,Pass,Pass,Pass,Pass,Pass,Pass,Pass,NaN,NaN,Pass,2.00000,NaN,NaN,NaN
00754-23C,SIL01800,10/17/2023,B,98713,No,Fail,NaN,NaN,Condemned,"<= 1,000 lbs",Pass,Pass,Pass,Fail,Fail,Fail,Fail,Pass,Pass,Fail,Pass,NaN,NaN,Pass,2.50000,98.50000,1.50000,98.50000
002917-23,SIL01879,10/17/2023,B,98713,No,Fail,NaN,NaN,Sealed,"<= 1,000 lbs",Pass,Pass,Pass,Pass,Pass,Pass,Pass,Pass,Pass,Pass,Pass,NaN,NaN,Pass,NaN,NaN,NaN,NaN
002915-23,SIL01796,10/17/2023,B,98713,No,Fail,NaN,NaN,Sealed,"<= 1,000 lbs",Pass,Pass,Pass,Pass,Pass,Pass,Pass,Pass,Pass,Pass,Pass,NaN,NaN,Pass,NaN,NaN,NaN,NaN
002916-23,SIL01795,10/17/2023,B,98713,No,Fail,NaN,NaN,Sealed,"<= 1,000 lbs",Pass,Pass,Pass,Pass,Pass,Pass,Pass,Pass,Pass,Pass,Pass,NaN,NaN,Pass,2.00000,NaN,NaN,NaN
002914-23,SIL01746,10/17/2023,B,98713,No,Fail,NaN,NaN,Sealed,"<= 1,000 lbs",Pass,Pass,Pass,Pass,Pass,Pass,Pass,Fail,Fail,Fail,Fail,NaN,NaN,Pass,1700.00000,NaN,1700.00000,NaN
002912-23,SIL01742,10/17/2023,B,98713,No,Fail,NaN,NaN,Sealed,"<= 1,000 lbs",Pass,Pass,Pass,Pass,Pass,Pass,Pass,Pass,Pass,Pass,Pass,NaN,NaN,Pass,2.00000,NaN,NaN,NaN
002913-23,SIL01782,10/17/2023,B,98713,No,Fail,NaN,NaN,Sealed,"<= 1,000 lbs",Pass,Pass,Pass,Pass,Pass,Pass,Pass,Pass,Pass,Pass,Pass,NaN,NaN,Pass,2.00000,NaN,NaN,NaN
002919-23,SIL01779,10/17/2023,B,98713,No,Fail,NaN,NaN,Sealed,"<= 1,000 lbs",Pass,Pass,Pass,Pass,Pass,Pass,Pass,Pass,Pass,Pass,Pass,NaN,NaN,Pass,NaN,NaN,NaN,NaN
002920-23,SIL01780,10/17/2023,B,98713,No,Fail,NaN,NaN,Sealed Subject,"<= 1,000 lbs",Pass,Pass,Pass,Pass,Pass,Fail,Pass,Pass,Pass,Pass,Fail,NaN,NaN,Pass,502.50000,NaN,500.50000,NaN
002921-23,SIL01801,10/17/2023,B,98713,No,Fail,NaN,NaN,Sealed,"<= 1,000 lbs",Pass,Pass,Pass,Pass,Pass,Pass,Pass,Pass,Pass,Pass,Pass,NaN,NaN,Pass,1.50000,NaN,NaN,NaN
002927-23,SIL01802,10/17/2023,B,98713,No,Fail,NaN,NaN,Sealed,"<= 1,000 lbs",Pass,Pass,Pass,Pass,Pass,Pass,Pass,Pass,Pass,Pass,Pass,NaN,NaN,Pass,0.50000,NaN,NaN,NaN
002926-23,SIL01791,10/17/2023,B,98713,No,Fail,NaN,NaN,Sealed,"<= 1,000 lbs",Pass,Pass,Pass,Pass,Pass,Pass,Pass,Pass,Pass,Pass,Pass,NaN,NaN,Pass,2.00000,NaN,NaN,NaN
00756-23C,SIL01792,10/17/2023,B,98713,No,Fail,NaN,NaN,Condemned,"<= 1,000 lbs",Pass,Pass,Pass,Pass,Pass,Fail,Pass,Fail,Fail,Fail,Fail,NaN,NaN,Pass,5.00000,NaN,4.50000,NaN
002925-23,SIL01719,10/17/2023,B,98713,No,Fail,NaN,NaN,Sealed,"<= 1,000 lbs",Pass,Pass,Pass,Pass,Pass,Pass,Pass,Pass,Pass,Pass,Fail,NaN,NaN,Pass,501.50000,NaN,500.00000,NaN
002924-23,SIL01720,10/17/2023,B,98713,No,Fail,NaN,NaN,Sealed,"<= 1,000 lbs",Pass,Pass,Pass,Pass,Pass,Pass,Pass,Pass,Pass,Pass,Fail,NaN,NaN,Pass,500.00000,NaN,500.00000,NaN
002923-23,SIL01718,10/17/2023,B,98713,No,Fail,NaN,NaN,Sealed,"<= 1,000 lbs",Pass,Pass,Pass,Pass,Pass,Pass,Pass,Pass,Pass,Pass,Pass,NaN,NaN,Pass,NaN,NaN,NaN,NaN
002922-23,SIL01717,10/17/2023,B,98713,No,Fail,NaN,NaN,Sealed,"<= 1,000 lbs",Pass,Pass,Pass,Pass,Pass,Pass,Pass,Pass,Pass,Pass,Fail,NaN,NaN,Pass,500.00000,NaN,500.00000,NaN
002933-23,SIL01784,10/17/2023,B,98713,No,Fail,NaN,NaN,Sealed,"<= 1,000 lbs",Pass,Pass,Pass,Pass,Pass,Pass,Pass,Pass,Pass,Pass,Pass,NaN,NaN,Pass,NaN,NaN,NaN,NaN
002932-23,SIL01783,10/17/2023,B,98713,No,Fail,NaN,NaN,Sealed,"<= 1,000 lbs",Pass,Pass,Pass,Pass,Pass,Pass,Pass,Pass,Pass,Pass,Pass,NaN,NaN,Pass,501.50000,NaN,500.00000,NaN
002931-23,SIL01790,10/17/2023,B,98713,No,Fail,NaN,NaN,Sealed Subject,"<= 1,000 lbs",Pass,Pass,Pass,Pass,Pass,Fail,Pass,Pass,Pass,Pass,Pass,NaN,NaN,Pass,3.00000,NaN,0.50000,NaN
00810-23C,SIL01789,10/17/2023,B,98713,No,Fail,NaN,NaN,Condemned,"<= 1,000 lbs",Pass,Pass,Pass,Fail,Fail,Fail,Pass,Pass,Fail,Fail,Fail,NaN,NaN,Pass,5.50000,NaN,4.50000,NaN
002930-23,SIL01807,10/17/2023,B,98713,No,Fail,NaN,NaN,Sealed,"<= 1,000 lbs",Pass,Pass,Pass,Pass,Pass,Pass,Pass,Pass,Pass,Pass,Pass,NaN,NaN,Pass,1.00000,NaN,NaN,NaN
002929-23,SIL01808,10/17/2023,B,98713,No,Fail,NaN,NaN,Sealed,"<= 1,000 lbs",Pass,Pass,Pass,Pass,Pass,Pass,Pass,Pass,Pass,Pass,Pass,NaN,NaN,Pass,1.50000,NaN,NaN,NaN
00811-23C,SIL01794,10/17/2023,B,98713,No,Fail,NaN,NaN,Condemned,"<= 1,000 lbs",Pass,Pass,Pass,Pass,Fail,Fail,Fail,Fail,Fail,Pass,Fail,NaN,NaN,Pass,4.00000,11.50000,4.00000,11.00000
00812-23,SIL01793,10/17/2023,B,98713,No,Fail,NaN,NaN,Condemned,"<= 1,000 lbs",Pass,Pass,Pass,Pass,Fail,Fail,Pass,Pass,Pass,Pass,Pass,NaN,NaN,Pass,3.50000,NaN,1.00000,NaN
00813-23C,SIL01712,10/17/2023,B,98713,No,Fail,NaN,NaN,Condemned,"<= 1,000 lbs",Pass,Pass,Pass,Pass,Fail,Fail,Pass,Pass,Pass,Pass,Pass,NaN,NaN,Pass,3.50000,NaN,1.00000,NaN
002928-23,SIL01711,10/17/2023,B,98713,No,Fail,NaN,NaN,Sealed,"<= 1,000 lbs",Pass,Pass,Pass,Pass,Pass,Pass,Pass,Pass,Pass,Pass,Pass,NaN,NaN,Pass,1.00000,NaN,NaN,NaN
002939-23,SIL01806,10/17/2023,B,98713,No,Fail,NaN,NaN,Sealed,"<= 1,000 lbs",Pass,Pass,Pass,Pass,Pass,Pass,Pass,Pass,Pass,Pass,Fail,NaN,NaN,Pass,501.00000,NaN,500.00000,NaN
002938-23,SIL01805,10/17/2023,B,98713,No,Fail,NaN,NaN,Sealed,"<= 1,000 lbs",Pass,Pass,Pass,Pass,Pass,Pass,Pass,Pass,Pass,Pass,Pass,NaN,NaN,Pass,0.50000,NaN,NaN,NaN
002937-23,SIL01714,10/17/2023,B,98713,No,Fail,NaN,NaN,Sealed Subject,"<= 1,000 lbs",Pass,Pass,Pass,Pass,Pass,Fail,Pass,Pass,Pass,Pass,Pass,NaN,NaN,Pass,3.00000,NaN,0.50000,NaN
002936-23,SIL01713,10/17/2023,B,98713,No,Fail,NaN,NaN,Sealed,"<= 1,000 lbs",Pass,Pass,Pass,Pass,Pass,Pass,Pass,Pass,Pass,Pass,Pass,NaN,NaN,Pass,2.00000,NaN,NaN,NaN
002945-23,SIL01774,10/17/2023,B,98713,No,Fail,NaN,NaN,Sealed,"<= 1,000 lbs",Pass,Pass,Pass,Pass,Pass,Pass,Pass,Pass,Pass,Pass,Pass,NaN,NaN,Pass,NaN,NaN,NaN,NaN
002944-23,SIL01773,10/17/2023,B,98713,No,NaN,Fail,NaN,Sealed,"<= 1,000 lbs",Pass,Pass,Pass,Pass,Pass,Pass,Pass,Fail,Fail,Fail,Fail,NaN,NaN,Pass,1700.00000,NaN,1700.00000,NaN
002943-23,SIL01777,10/17/2023,B,98713,No,NaN,Fail,NaN,Sealed,"<= 1,000 lbs",Pass,Pass,Pass,Pass,Pass,Pass,Pass,Pass,Pass,Pass,Pass,NaN,NaN,Pass,1.50000,NaN,NaN,NaN
00799-23C,SIL01776,10/17/2023,B,98713,No,NaN,Fail,NaN,Sealed,"<= 1,000 lbs",Pass,Pass,Pass,Fail,Fail,Fail,Fail,Fail,Fail,Fail,Fail,NaN,NaN,Pass,6.50000,NaN,6.50000,NaN
00801-23C,SIL01744,10/17/2023,B,98713,No,NaN,Fail,NaN,Condemned,"<= 1,000 lbs",Pass,Pass,Pass,Pass,Pass,Fail,Pass,Fail,Fail,Fail,Fail,NaN,NaN,Pass,1701.00000,NaN,1700.50000,NaN
001913-23,280-23,10/17/2023,B,98713,No,NaN,Fail,NaN,Sealed,"<= 1,000 lbs",Pass,Pass,Pass,Pass,Pass,Pass,Pass,Pass,Pass,Pass,Pass,NaN,NaN,Pass,0.50000,NaN,NaN,NaN
00803-23C,271-23,10/17/2023,B,98713,No,Fail,NaN,NaN,Condemned,"<= 1,000 lbs",Pass,Fail,Fail,Fail,Fail,Fail,Pass,Pass,Pass,Pass,Pass,NaN,NaN,Pass,5.50000,NaN,3.00000,NaN
00814-23C,027-23,10/17/2023,B,98713,No,NaN,NaN,Fail,Condemned,"<= 1,000 lbs",Pass,Fail,Fail,Fail,Fail,Fail,Fail,Fail,Fail,Fail,Fail,NaN,NaN,Pass,2750.00000,NaN,2750.00000,NaN
001912-23,278-23,10/17/2023,B,98713,No,Fail,NaN,NaN,Sealed,"<= 1,000 lbs",Pass,Pass,Pass,Pass,Pass,Pass,Pass,Pass,Pass,Pass,Pass,NaN,NaN,Pass,1.50000,NaN,NaN,NaN
00815-23C,277-23,10/17/2023,B,98713,No,Fail,NaN,NaN,Condemned,"<= 1,000 lbs",Pass,Pass,Fail,Fail,Fail,Fail,Pass,Pass,Pass,Pass,Pass,NaN,NaN,Pass,5.00000,NaN,2.50000,NaN
001911-23,276-23,10/17/2023,B,98713,No,Fail,NaN,NaN,Sealed,"<= 1,000 lbs",Pass,Pass,Pass,Pass,Pass,Pass,Pass,Pass,Pass,Pass,Pass,NaN,NaN,Pass,1.00000,NaN,NaN,NaN
001910-23,275-23,10/17/2023,B,98713,No,Fail,NaN,NaN,Sealed,"<= 1,000 lbs",Pass,Pass,Pass,Pass,Pass,Pass,Pass,Pass,Pass,Pass,Pass,NaN,NaN,Pass,1.00000,NaN,NaN,NaN
001909-23,274-23,10/17/2023,B,98713,No,Fail,NaN,NaN,Sealed,"<= 1,000 lbs",Pass,Pass,Pass,Pass,Pass,Pass,Pass,Pass,Pass,Pass,Pass,NaN,NaN,Pass,1.50000,NaN,NaN,NaN
00816-23C,273-23,10/17/2023,B,98713,No,Fail,NaN,NaN,Condemned,"<= 1,000 lbs",Pass,Fail,Fail,Fail,Fail,Fail,Pass,Pass,Pass,Pass,Pass,NaN,NaN,Pass,5.00000,NaN,2.50000,NaN
001908-23,272-23,10/17/2023,B,98713,No,Fail,NaN,NaN,Sealed,"<= 1,000 lbs",Pass,Pass,Pass,Pass,Pass,Pass,Pass,Pass,Pass,Pass,Pass,NaN,NaN,Pass,NaN,NaN,NaN,NaN
001847-23,281-23,10/17/2023,B,98713,No,Fail,NaN,NaN,Sealed,"<= 1,000 lbs",Pass,Pass,Pass,Pass,Pass,Pass,Pass,Pass,Pass,Pass,Pass,NaN,NaN,Pass,NaN,NaN,NaN,NaN
001846-23,284-23,10/17/2023,B,98713,No,Fail,NaN,NaN,Sealed,"<= 1,000 lbs",Pass,Pass,Pass,Pass,Pass,Pass,Pass,Pass,Pass,Pass,Pass,NaN,NaN,Pass,2.00000,NaN,NaN,NaN
002889-23,SIL01767,10/17/2023,B,98713,No,Fail,NaN,NaN,Sealed,"<= 1,000 lbs",Pass,Pass,Pass,Pass,Pass,Pass,Pass,Pass,Pass,Pass,Fail,NaN,NaN,Pass,500.00000,NaN,500.00000,NaN
00745-23C,SIL01768,10/17/2023,B,98713,No,Fail,NaN,NaN,Condemned,"<= 1,000 lbs",Pass,Pass,Fail,Fail,Fail,Fail,Pass,Pass,Pass,Pass,Pass,NaN,NaN,Pass,4.50000,NaN,2.00000,NaN
00750-23C,SIL01710,10/17/2023,B,98713,No,Fail,NaN,NaN,Condemned,"<= 1,000 lbs",Pass,Pass,Pass,Pass,Fail,Fail,Pass,Pass,Pass,Pass,Fail,NaN,NaN,Pass,13.00000,NaN,11.00000,NaN
00739-23,SIL01709,10/17/2023,B,98713,No,Fail,NaN,NaN,Condemned,"<= 1,000 lbs",Pass,Pass,Pass,Pass,Pass,Pass,Pass,Pass,Fail,Fail,Fail,NaN,NaN,Pass,6.00000,NaN,6.00000,NaN
002891-23,SIL01705,10/17/2023,B,98713,No,Fail,NaN,NaN,Sealed,"<= 1,000 lbs",Pass,Pass,Pass,Pass,Pass,Pass,Pass,Pass,Pass,Pass,Pass,NaN,NaN,Pass,1.00000,NaN,NaN,NaN
00740-23C,SIL01706,10/17/2023,B,98713,No,Fail,NaN,NaN,Condemned,"<= 1,000 lbs",Pass,Fail,Fail,Fail,Fail,Fail,Pass,Fail,Fail,Fail,Fail,NaN,NaN,Pass,38.00000,NaN,37.50000,NaN
00742-23C,SILO01764,10/17/2023,B,98713,No,Fail,NaN,NaN,Condemned,"<= 1,000 lbs",Pass,Pass,Pass,Pass,Pass,Fail,Fail,Fail,Fail,Fail,Fail,NaN,NaN,Pass,2001.00000,NaN,2001.00000,NaN
00707-23C,13244-6,10/24/2023,C,66045,No,NaN,NaN,NaN,Condemned,"<= 1,000 lbs",Pass,Pass,Pass,Fail,Fail,Fail,Pass,Pass,Pass,Fail,Fail,NaN,NaN,Pass,2758.50000,3.50000,2758.50000,2.00000
001559-23,13244-33,10/24/2023,C,66045,Yes,NaN,NaN,NaN,Sealed,"<= 1,000 lbs",Pass,Pass,Pass,Pass,Pass,Pass,Pass,Pass,Pass,Pass,Pass,NaN,NaN,Pass,NaN,NaN,NaN,NaN
001557-23,13244-3,10/24/2023,C,66045,Yes,NaN,NaN,NaN,Sealed,"<= 1,000 lbs",Pass,Pass,Pass,Pass,Pass,Pass,Pass,Pass,Pass,Pass,Pass,NaN,NaN,Pass,NaN,2.50000,NaN,NaN
001556-23,13244-7,10/24/2023,C,66045,Yes,NaN,NaN,NaN,Sealed,"<= 1,000 lbs",Pass,Pass,Pass,Pass,Pass,Pass,Pass,Pass,Pass,Pass,Pass,NaN,NaN,Pass,NaN,NaN,NaN,NaN
001555-23,13244-19,10/24/2023,C,66045,Yes,NaN,NaN,NaN,Sealed,"<= 1,000 lbs",Pass,Pass,Pass,Pass,Pass,Pass,Pass,Pass,Pass,Pass,Pass,NaN,NaN,Pass,NaN,NaN,NaN,NaN
001554-23,13244-29,10/24/2023,C,66045,No,NaN,NaN,NaN,Sealed Subject,"<= 1,000 lbs",Pass,Pass,Pass,Pass,Pass,Fail,Pass,Pass,Pass,Pass,Pass,NaN,NaN,Pass,NaN,2.50000,NaN,0.50000
001560-23,13244-37,10/24/2023,C,66045,No,NaN,NaN,NaN,Sealed Subject,"<= 1,000 lbs",Pass,Pass,Pass,Fail,Pass,Pass,Pass,Pass,Pass,Pass,Pass,NaN,NaN,Pass,NaN,3.00000,NaN,0.50000
00715-23C,13244-20,10/24/2023,C,66045,No,NaN,NaN,NaN,Condemned,"<= 1,000 lbs",Pass,Pass,Fail,Fail,Fail,Fail,Fail,Fail,Fail,Fail,Pass,NaN,NaN,Pass,NaN,6.00000,NaN,6.00000
001558-23,13244-14,10/24/2023,C,66045,Yes,NaN,NaN,NaN,Sealed,"<= 1,000 lbs",Pass,Pass,Pass,Pass,Pass,Pass,Pass,Pass,Pass,Pass,Pass,NaN,NaN,Pass,NaN,NaN,NaN,NaN
001561-23,13732-12,10/24/2023,C,66045,Yes,NaN,NaN,NaN,Sealed,"<= 1,000 lbs",Pass,Pass,Pass,Pass,Pass,Pass,Pass,Pass,Pass,Pass,Pass,NaN,NaN,Pass,NaN,NaN,NaN,NaN
001562-23,13732-3,10/24/2023,C,66045,No,NaN,NaN,NaN,Sealed,"<= 1,000 lbs",Pass,Pass,Pass,Pass,Pass,Pass,Pass,Pass,Pass,Pass,Pass,NaN,NaN,Pass,NaN,NaN,NaN,NaN
00717-23C,13244-39,10/24/2023,C,66045,Yes,NaN,NaN,NaN,Condemned,"<= 1,000 lbs",Pass,Pass,Fail,Fail,Fail,Pass,Pass,Pass,Pass,Fail,Pass,NaN,NaN,Pass,2.50000,2.00000,2.50000,1.00000
001565-23,13244-12,10/24/2023,C,66045,Yes,NaN,NaN,NaN,Sealed,"<= 1,000 lbs",Pass,Pass,Pass,Pass,Pass,Pass,Pass,Pass,Pass,Pass,Pass,NaN,NaN,Pass,NaN,1.00000,NaN,NaN
001563-23,13244-2,10/24/2023,C,66045,Yes,NaN,NaN,NaN,Sealed,"<= 1,000 lbs",Pass,Pass,Pass,Pass,Pass,Pass,Pass,Pass,Pass,Pass,Pass,NaN,NaN,Pass,NaN,NaN,NaN,NaN
001564-23,12344-41,10/24/2023,C,66045,Yes,NaN,NaN,NaN,Sealed,"<= 1,000 lbs",Pass,Pass,Pass,Pass,Pass,Pass,Pass,Pass,Pass,Pass,Pass,NaN,NaN,Pass,NaN,NaN,NaN,NaN
001566-23,13244-27,10/24/2023,C,66045,Yes,NaN,NaN,NaN,Sealed,"<= 1,000 lbs",Pass,Pass,Pass,Pass,Pass,Pass,Pass,Pass,Pass,Pass,Pass,NaN,NaN,Pass,NaN,2.00000,NaN,NaN
001568-23,13244-36,10/24/2023,C,66045,Yes,NaN,NaN,NaN,Sealed,"<= 1,000 lbs",Pass,Pass,Pass,Pass,Pass,Pass,Pass,Pass,Pass,Pass,Pass,NaN,NaN,Pass,0.50000,0.50000,NaN,NaN
001567-23,13244-31,10/24/2023,C,66045,Yes,NaN,NaN,NaN,Sealed,"<= 1,000 lbs",Pass,Pass,Pass,Pass,Pass,Pass,Pass,Pass,Pass,Pass,Pass,NaN,NaN,Pass,NaN,2.50000,NaN,NaN
00716-23C,13244-9,10/24/2023,C,66045,No,NaN,NaN,NaN,Condemned,"<= 1,000 lbs",Pass,Pass,Pass,Pass,Fail,Fail,Pass,Pass,Pass,Pass,Pass,NaN,NaN,Pass,NaN,3.50000,NaN,1.00000
001569-23,13732-11,10/24/2023,C,66045,Yes,NaN,NaN,NaN,Sealed,"<= 1,000 lbs",Pass,Pass,Pass,Pass,Pass,Pass,Pass,Pass,Pass,Pass,Pass,NaN,NaN,Pass,NaN,NaN,NaN,NaN
001570-23,13732-9,10/24/2023,C,66045,Yes,NaN,NaN,NaN,Sealed,"<= 1,000 lbs",Pass,Pass,Pass,Pass,Pass,Pass,Pass,Pass,Pass,Pass,Pass,NaN,NaN,Pass,NaN,NaN,NaN,NaN
001571-23,13732-15,10/24/2023,C,66045,Yes,NaN,NaN,NaN,Sealed,"<= 1,000 lbs",Pass,Pass,Pass,Pass,Pass,Pass,Pass,Pass,Pass,Pass,Pass,NaN,NaN,Pass,NaN,NaN,NaN,NaN
001718-23,13732-2,10/24/2023,C,66045,No,NaN,NaN,NaN,Condemned,"<= 1,000 lbs",Pass,Pass,Pass,Pass,Pass,Fail,Pass,Pass,Pass,Pass,Pass,NaN,NaN,Pass,2.60001,NaN,0.50000,NaN
001572-23,13244-18,10/24/2023,C,66045,No,NaN,NaN,NaN,Sealed Subject,"<= 1,000 lbs",Pass,Pass,Pass,Pass,Pass,Fail,Pass,Pass,Pass,Pass,Pass,NaN,NaN,Pass,NaN,3.00000,NaN,0.50000
00710-23C,13244-30,10/24/2023,C,66045,No,NaN,NaN,NaN,Condemned,"<= 1,000 lbs",Pass,Pass,Pass,Pass,Pass,Fail,Pass,Pass,Pass,Fail,Fail,NaN,NaN,Pass,500.50000,1.50000,500.00000,1.50000
00719-23C,13244-17,10/24/2023,C,66045,No,NaN,NaN,NaN,Condemned,"<= 1,000 lbs",Pass,Pass,Pass,Fail,Pass,Pass,Pass,Pass,Pass,Pass,Pass,NaN,NaN,Pass,1.00000,1.00000,0.50000,NaN
001573-23,13244-25,10/24/2023,C,66045,Yes,NaN,NaN,NaN,Sealed,"<= 1,000 lbs",Pass,Pass,Pass,Pass,Pass,Pass,Pass,Pass,Pass,Pass,Pass,NaN,NaN,Pass,NaN,1.00000,NaN,NaN
001574-23,13244-10,10/24/2023,C,66045,No,NaN,NaN,NaN,Sealed,"<= 1,000 lbs",Pass,Pass,Pass,Pass,Pass,Pass,Pass,Pass,Pass,Pass,Pass,NaN,NaN,Pass,NaN,1.00000,NaN,NaN
00720-23C,13244,10/24/2023,C,66045,No,NaN,NaN,NaN,Condemned,"<= 1,000 lbs",Pass,Pass,Pass,Pass,Fail,Fail,Pass,Pass,Fail,Fail,Fail,NaN,NaN,Pass,-500.00000,4.00000,500.00000,3.00000
001575-23,13244-28,10/24/2023,C,66045,No,NaN,NaN,NaN,Sealed Subject,"<= 1,000 lbs",Pass,Pass,Pass,Pass,Pass,Fail,Pass,Pass,Pass,Pass,Pass,NaN,NaN,Pass,3.00000,NaN,0.50000,NaN
00721-23C,13400-2,10/24/2023,C,66045,No,NaN,NaN,NaN,Condemned,"<= 1,000 lbs",Pass,Pass,Pass,Pass,Fail,Fail,Fail,Pass,Pass,Pass,Pass,NaN,NaN,Pass,NaN,203.50000,NaN,201.50000
001577-23,13400-3,10/24/2023,C,66045,Yes,NaN,NaN,NaN,Sealed,"<= 1,000 lbs",Pass,Pass,Pass,Pass,Pass,Pass,Pass,Pass,Pass,Pass,Pass,NaN,NaN,Pass,NaN,NaN,NaN,NaN
00722-23C,13400-1,10/24/2023,C,66045,No,NaN,NaN,NaN,Condemned,"<= 1,000 lbs",Pass,Pass,Pass,Fail,Fail,Fail,Fail,Fail,Fail,Fail,Fail,NaN,NaN,Pass,500.00000,6.00000,500.00000,6.00000
001576-23,13244-11,10/24/2023,C,66045,Yes,NaN,NaN,NaN,Sealed,"<= 1,000 lbs",Pass,Pass,Pass,Pass,Pass,Pass,Pass,Pass,Pass,Pass,Pass,NaN,NaN,Pass,NaN,NaN,NaN,NaN
001578-23,13344-21,10/24/2023,C,66045,Yes,NaN,NaN,NaN,Sealed,"<= 1,000 lbs",Pass,Pass,Pass,Pass,Pass,Pass,Pass,Pass,Pass,Pass,Pass,NaN,NaN,Pass,0.50000,1.50000,NaN,NaN
001579-23,13244-5,10/24/2023,C,66045,Yes,NaN,NaN,NaN,Sealed,"<= 1,000 lbs",Pass,Pass,Pass,Pass,Pass,Pass,Pass,Pass,Pass,Pass,Pass,NaN,NaN,Pass,NaN,NaN,NaN,NaN
00723-23C,13244-15,10/24/2023,C,66045,No,NaN,NaN,NaN,Condemned,"<= 1,000 lbs",Pass,Fail,Fail,Fail,Fail,Fail,Fail,Fail,Fail,Fail,Fail,NaN,NaN,Pass,500.00000,15.50000,500.00000,15.50000
00724-23C,13244-40,10/24/2023,C,66045,No,NaN,NaN,NaN,Condemned,"<= 1,000 lbs",Pass,Pass,Pass,Pass,Fail,Fail,Pass,Pass,Pass,Pass,Pass,NaN,NaN,Pass,NaN,3.00000,NaN,1.00000
00725-23C,13244-38,10/24/2023,C,66045,No,NaN,NaN,NaN,Condemned,"<= 1,000 lbs",Pass,Fail,Fail,Fail,Pass,Fail,Fail,Fail,Fail,Fail,Fail,NaN,NaN,Pass,47.50000,NaN,47.50000,NaN
001580-23,13244-32,10/24/2023,C,66045,Yes,NaN,NaN,NaN,Sealed,"<= 1,000 lbs",Pass,Pass,Pass,Pass,Pass,Pass,Pass,Pass,Pass,Pass,Pass,NaN,NaN,Pass,NaN,2.00000,NaN,NaN
001581-23,13244-8,10/24/2023,C,66045,Yes,NaN,NaN,NaN,Sealed,"<= 1,000 lbs",Pass,Pass,Pass,Pass,Pass,Pass,Pass,Pass,Pass,Pass,Pass,NaN,NaN,Pass,1.00000,NaN,NaN,NaN
003076-23,13207-5,10/24/2023,C,66045,Yes,NaN,NaN,NaN,Sealed,"<= 1,000 lbs",Pass,Pass,Pass,Pass,Pass,Pass,Pass,Pass,Pass,Pass,Pass,NaN,NaN,Pass,NaN,1.00000,NaN,NaN
003074-23,13207-11,10/24/2023,C,66045,Yes,NaN,NaN,NaN,Sealed,"<= 1,000 lbs",Pass,Pass,Pass,Pass,Pass,Pass,Pass,Pass,Pass,Pass,Pass,NaN,NaN,Pass,5.50000,NaN,NaN,NaN
003075-23,13207-6,10/24/2023,C,66045,No,NaN,NaN,NaN,Sealed,"<= 1,000 lbs",Pass,Pass,Pass,Pass,Pass,Pass,Pass,Pass,Pass,Pass,Fail,NaN,NaN,Pass,500.00000,4.00000,500.00000,NaN
003072-23,13207-36,10/24/2023,C,66045,Yes,NaN,NaN,NaN,Sealed,"<= 1,000 lbs",Pass,Pass,Pass,Pass,Pass,Pass,Pass,Pass,Pass,Pass,Pass,NaN,NaN,Pass,NaN,NaN,NaN,NaN
003073-23,13207-29,10/24/2023,C,66045,Yes,NaN,NaN,NaN,Sealed,"<= 1,000 lbs",Pass,Pass,Pass,Pass,Pass,Pass,Pass,Pass,Pass,Pass,Pass,NaN,NaN,Pass,NaN,NaN,NaN,NaN
003067-23,13207-25,10/24/2023,C,66045,Yes,NaN,NaN,NaN,Sealed,"<= 1,000 lbs",Pass,Pass,Pass,Pass,Pass,Pass,Pass,Pass,Pass,Pass,Pass,NaN,NaN,Pass,NaN,NaN,NaN,NaN
003066-23,13207-24,10/24/2023,C,66045,No,NaN,NaN,NaN,Sealed,"<= 1,000 lbs",Pass,Pass,Pass,Pass,Pass,Pass,Pass,Pass,Pass,Pass,Fail,NaN,NaN,Pass,500.00000,2.00000,500.00000,NaN
003069-23,13207-12,10/24/2023,C,66045,Yes,NaN,NaN,NaN,Sealed,"<= 1,000 lbs",Pass,Pass,Pass,Pass,Pass,Pass,Pass,Pass,Pass,Pass,Pass,NaN,NaN,Pass,NaN,NaN,NaN,NaN
00792-23C,13207-10,10/24/2023,C,66045,No,NaN,NaN,NaN,Condemned,"<= 1,000 lbs",Pass,Pass,Pass,Pass,Pass,Pass,Pass,Pass,Pass,Pass,Fail,NaN,NaN,Pass,2.50000,NaN,2.00000,NaN
003070-23,13207-27,10/24/2023,C,66045,Yes,NaN,NaN,NaN,Sealed,"<= 1,000 lbs",Pass,Pass,Pass,Pass,Pass,Pass,Pass,Pass,Pass,Pass,Pass,NaN,NaN,Pass,NaN,2.00000,NaN,NaN
003071-23,13207-32,10/24/2023,C,66045,Yes,NaN,NaN,NaN,Sealed,"<= 1,000 lbs",Pass,Pass,Pass,Pass,Pass,Pass,Pass,Pass,Pass,Pass,Pass,NaN,NaN,Pass,NaN,0.50000,NaN,NaN
003060-23,13207-14,10/24/2023,C,66045,Yes,NaN,NaN,NaN,Sealed,"<= 1,000 lbs",Pass,Pass,Pass,Pass,Pass,Pass,Pass,Pass,Pass,Pass,Pass,NaN,NaN,Pass,NaN,NaN,NaN,NaN
003062-23,13207-34,10/24/2023,C,66045,Yes,NaN,NaN,NaN,Sealed,"<= 1,000 lbs",Pass,Pass,Pass,Pass,Pass,Pass,Pass,Pass,Pass,Pass,Pass,NaN,NaN,Pass,NaN,NaN,NaN,NaN
003061-23,13207-21,10/24/2023,C,66045,No,NaN,NaN,NaN,Sealed,"<= 1,000 lbs",Pass,Pass,Pass,Pass,Pass,Pass,Pass,Pass,Pass,Pass,Fail,NaN,NaN,Pass,500.00000,2.00000,500.00000,NaN
003063-23,13207-37,10/24/2023,C,66045,Yes,NaN,NaN,NaN,Sealed,"<= 1,000 lbs",Pass,Pass,Pass,Pass,Pass,Pass,Pass,Pass,Pass,Pass,Pass,NaN,NaN,Pass,NaN,NaN,NaN,NaN
003064-23,13207-26,10/24/2023,C,66045,Yes,NaN,NaN,NaN,Sealed,"<= 1,000 lbs",Pass,Pass,Pass,Pass,Pass,Pass,Pass,Pass,Pass,Pass,Pass,NaN,NaN,Pass,NaN,0.50000,NaN,NaN
003054-23,13102-1,10/24/2023,C,66045,Yes,NaN,NaN,NaN,Sealed,"<= 1,000 lbs",Pass,Pass,Pass,Pass,Pass,Pass,Pass,Pass,Pass,Pass,Pass,NaN,NaN,Pass,1.00000,NaN,NaN,NaN
003065-23,13207-22,10/24/2023,C,66045,Yes,NaN,NaN,NaN,Sealed,"<= 1,000 lbs",Pass,Pass,Pass,Pass,Pass,Pass,Pass,Pass,Pass,Pass,Pass,NaN,NaN,Pass,NaN,2.00000,NaN,NaN
003055-23,13102-13,10/24/2023,C,66045,Yes,NaN,NaN,NaN,Sealed,"<= 1,000 lbs",Pass,Pass,Pass,Pass,Pass,Pass,Pass,Pass,Pass,Pass,Pass,NaN,NaN,Pass,1.50000,NaN,NaN,NaN
003056-23,13102-17,10/24/2023,C,66045,Yes,NaN,NaN,NaN,Sealed,"<= 1,000 lbs",Pass,Pass,Pass,Pass,Pass,Pass,Pass,Pass,Pass,Pass,Pass,NaN,NaN,Pass,NaN,3.50000,NaN,NaN
003057-23,13102-14,10/24/2023,C,66045,Yes,NaN,NaN,NaN,Sealed,"<= 1,000 lbs",Pass,Pass,Pass,Pass,Pass,Pass,Pass,Pass,Pass,Pass,Pass,NaN,NaN,Pass,NaN,NaN,NaN,NaN
00791-23C,13102-19,10/24/2023,C,66045,Yes,NaN,NaN,NaN,Condemned,"<= 1,000 lbs",Pass,Pass,Pass,Pass,Pass,Pass,Pass,Pass,Pass,Pass,Pass,NaN,NaN,Pass,3.50000,NaN,NaN,NaN
003058-23,13102-11,10/24/2023,C,66045,Yes,NaN,NaN,NaN,Sealed,"<= 1,000 lbs",Pass,Pass,Pass,Pass,Pass,Pass,Pass,Pass,Pass,Pass,Pass,NaN,NaN,Pass,NaN,NaN,NaN,NaN
003059-23,13102-4,10/24/2023,C,66045,Yes,NaN,NaN,NaN,Sealed,"<= 1,000 lbs",Pass,Pass,Pass,Pass,Pass,Pass,Pass,Pass,Pass,Pass,Pass,NaN,NaN,Pass,1.00000,0.50000,NaN,NaN
003049-23,13102-2,10/24/2023,C,66045,Yes,NaN,NaN,NaN,Sealed,"<= 1,000 lbs",Pass,Pass,Pass,Pass,Pass,Pass,Pass,Pass,Pass,Pass,Pass,NaN,NaN,Pass,NaN,NaN,NaN,NaN
003048-23,13102-16,10/24/2023,C,66045,Yes,NaN,NaN,NaN,Sealed,"<= 1,000 lbs",Pass,Pass,Pass,Pass,Pass,Pass,Pass,Pass,Pass,Pass,Pass,NaN,NaN,Pass,NaN,NaN,NaN,NaN
003050-23,13102-6,10/24/2023,C,66045,Yes,NaN,NaN,NaN,Sealed,"<= 1,000 lbs",Pass,Pass,Pass,Pass,Pass,Pass,Pass,Pass,Pass,Pass,Pass,NaN,NaN,Pass,NaN,2.50000,NaN,NaN
003051-23,13102-15,10/24/2023,C,66045,Yes,NaN,NaN,NaN,Sealed,"<= 1,000 lbs",Pass,Pass,Pass,Pass,Pass,Pass,Pass,Pass,Pass,Pass,Pass,NaN,NaN,Pass,NaN,NaN,NaN,NaN
003053-23,13171-11,10/24/2023,C,66045,Yes,NaN,NaN,NaN,Sealed,"<= 1,000 lbs",Pass,Pass,Pass,Pass,Pass,Pass,Pass,Pass,Pass,Pass,Pass,NaN,NaN,Pass,NaN,2.50000,NaN,NaN
003052-23,13100-10,10/24/2023,C,66045,No,NaN,NaN,NaN,Sealed,"<= 1,000 lbs",Pass,Pass,Pass,Pass,Pass,Pass,Pass,Pass,Pass,Pass,Fail,NaN,NaN,Pass,500.00000,1.50000,500.00000,1.50000
003042-23,13171-8,10/24/2023,C,66045,No,NaN,NaN,NaN,Sealed,"<= 1,000 lbs",Pass,Pass,Pass,Pass,Pass,Pass,Pass,Pass,Pass,Pass,Fail,NaN,NaN,Pass,503.00000,NaN,500.00000,NaN
003043-23,13171-16,10/24/2023,C,66045,Yes,NaN,NaN,NaN,Sealed,"<= 1,000 lbs",Pass,Pass,Pass,Pass,Pass,Pass,Pass,Pass,Pass,Pass,Pass,NaN,NaN,Pass,NaN,NaN,NaN,NaN
003045-23,13171-1,10/24/2023,C,66045,No,NaN,NaN,NaN,Sealed,"<= 1,000 lbs",Pass,Pass,Pass,Pass,Pass,Pass,Pass,Pass,Pass,Pass,Fail,NaN,NaN,Pass,500.00000,2.00000,500.00000,2.00000
003044-23,13171-14,10/24/2023,C,66045,Yes,NaN,NaN,NaN,Sealed,"<= 1,000 lbs",Pass,Pass,Pass,Pass,Pass,Pass,Pass,Pass,Pass,Pass,Pass,NaN,NaN,Pass,NaN,NaN,NaN,NaN
003046-23,13171-15,10/24/2023,C,66045,Yes,NaN,NaN,NaN,Sealed,"<= 1,000 lbs",Pass,Pass,Pass,Pass,Pass,Pass,Pass,Pass,Pass,Pass,Pass,NaN,NaN,Pass,0.50000,0.50000,NaN,NaN
003047-23,13171-4,10/24/2023,C,66045,Yes,NaN,NaN,NaN,Sealed,"<= 1,000 lbs",Pass,Pass,Pass,Pass,Pass,Pass,Pass,Pass,Pass,Pass,Pass,NaN,NaN,Pass,0.50000,NaN,NaN,NaN
003036-23,13171-9,10/24/2023,C,66045,Yes,NaN,NaN,NaN,Sealed,"<= 1,000 lbs",Pass,Pass,Pass,Pass,Pass,Pass,Pass,Pass,Pass,Pass,Pass,NaN,NaN,Pass,NaN,3.00000,NaN,NaN
003037-23,13171-2,10/24/2023,C,66045,Yes,NaN,NaN,NaN,Sealed,"<= 1,000 lbs",Pass,Pass,Pass,Pass,Pass,Pass,Pass,Pass,Pass,Pass,Pass,NaN,NaN,Pass,NaN,NaN,NaN,NaN
003038-23,13171-13,10/24/2023,C,66045,Yes,NaN,NaN,NaN,Sealed,"<= 1,000 lbs",Pass,Pass,Pass,Pass,Pass,Pass,Pass,Pass,Pass,Pass,Pass,NaN,NaN,Pass,NaN,0.50000,NaN,NaN
00786-23C,13171-6,10/24/2023,C,66045,No,NaN,NaN,NaN,Condemned,"<= 1,000 lbs",Pass,Pass,Pass,Fail,Fail,Fail,Fail,Fail,Fail,Fail,Fail,NaN,NaN,Pass,208.50000,NaN,208.50000,NaN
003039-23,13171-12,10/24/2023,C,66045,Yes,NaN,NaN,NaN,Sealed,"<= 1,000 lbs",Pass,Pass,Pass,Pass,Pass,Pass,Pass,Pass,Pass,Pass,Pass,NaN,NaN,Pass,NaN,0.50000,NaN,NaN
003026-23,13207-8,10/24/2023,C,66045,Yes,NaN,NaN,NaN,Sealed,"<= 1,000 lbs",Pass,Pass,Pass,Pass,Pass,Pass,Pass,Pass,Pass,Pass,Pass,NaN,NaN,Pass,2.00000,NaN,NaN,NaN
003025-23,13207-7,10/24/2023,C,66045,Yes,NaN,NaN,NaN,Sealed,"<= 1,000 lbs",Pass,Pass,Pass,Pass,Pass,Pass,Pass,Pass,Pass,Pass,Pass,NaN,NaN,Pass,NaN,3.50000,NaN,NaN
003040-23,E26213-0064,10/24/2023,C,66045,Yes,NaN,NaN,NaN,Sealed,"<= 1,000 lbs",Pass,Pass,Pass,Pass,Pass,Pass,Pass,NaN,NaN,NaN,NaN,NaN,NaN,Pass,NaN,NaN,NaN,NaN
003030-23,K0307848,10/24/2023,C,66045,Yes,NaN,NaN,NaN,Sealed,"<= 1,000 lbs",Pass,Pass,Pass,Pass,Pass,Pass,Pass,Pass,Pass,Pass,Pass,NaN,NaN,Pass,NaN,NaN,NaN,NaN
003041-23,K0307849,10/24/2023,C,66045,Yes,NaN,NaN,NaN,Sealed,"<= 1,000 lbs",Pass,Pass,Pass,Pass,Pass,Pass,Pass,NaN,NaN,NaN,NaN,NaN,NaN,Pass,1.50000,NaN,NaN,NaN
003031-23,K0307347,10/24/2023,C,66045,Yes,NaN,NaN,NaN,Sealed,"<= 1,000 lbs",Pass,Pass,Pass,Pass,Pass,Pass,Pass,NaN,NaN,NaN,NaN,NaN,NaN,Pass,NaN,NaN,NaN,NaN
003033-23,K0307851,10/24/2023,C,66045,Yes,NaN,NaN,NaN,Sealed,"<= 1,000 lbs",Pass,Pass,Pass,Pass,Pass,Pass,Pass,NaN,NaN,NaN,NaN,NaN,NaN,Pass,NaN,NaN,NaN,NaN
003032-23,K0307845,10/24/2023,C,66045,Yes,NaN,NaN,NaN,Sealed,"<= 1,000 lbs",Pass,Pass,Pass,Pass,Pass,Pass,Pass,NaN,NaN,NaN,NaN,NaN,NaN,Pass,NaN,NaN,NaN,NaN
003034-23,K0307840,10/24/2023,C,66045,Yes,NaN,NaN,NaN,Sealed,"<= 1,000 lbs",Pass,Pass,Pass,Pass,Pass,Pass,Pass,NaN,NaN,NaN,NaN,NaN,NaN,Pass,NaN,NaN,NaN,NaN
003024-23,K0307846,10/24/2023,C,66045,Yes,NaN,NaN,NaN,Sealed,"<= 1,000 lbs",Pass,Pass,Pass,Pass,Pass,Pass,Pass,NaN,NaN,NaN,NaN,NaN,NaN,Pass,NaN,NaN,NaN,NaN
003035-23,K0307850,10/24/2023,C,66045,Yes,NaN,NaN,NaN,Sealed,"<= 1,000 lbs",Pass,Pass,Pass,Pass,Pass,Pass,Pass,NaN,NaN,NaN,NaN,NaN,NaN,Pass,NaN,NaN,NaN,NaN
003035-23,K0307850,10/24/2023,C,66045,Yes,NaN,NaN,NaN,Sealed,"<= 1,000 lbs",Pass,Pass,Pass,Pass,Pass,Pass,Pass,NaN,NaN,NaN,NaN,NaN,NaN,Pass,NaN,NaN,NaN,NaN
003027-23,1417,10/24/2023,C,66045,Yes,NaN,NaN,NaN,Sealed,"<= 1,000 lbs",Pass,Pass,Pass,Pass,Pass,Pass,Pass,NaN,NaN,NaN,NaN,NaN,NaN,Pass,NaN,0.50000,NaN,NaN
003029-23,1418,10/24/2023,C,66045,Yes,NaN,NaN,NaN,Sealed,"<= 1,000 lbs",Pass,Pass,Pass,Pass,Pass,Pass,Pass,NaN,NaN,NaN,NaN,NaN,NaN,Pass,NaN,NaN,NaN,NaN
003028-23,1416,10/24/2023,C,66045,Yes,NaN,NaN,NaN,Sealed,"<= 1,000 lbs",Pass,Pass,Pass,Pass,Pass,Pass,Pass,NaN,NaN,NaN,NaN,NaN,NaN,Pass,NaN,NaN,NaN,NaN
00784-23C,08031-1,10/24/2023,C,66045,No,NaN,NaN,NaN,Condemned,"<= 1,000 lbs",Pass,Pass,Pass,Fail,Fail,Fail,Pass,Fail,Fail,Fail,Pass,NaN,NaN,Pass,NaN,110.50000,NaN,108.50000
003068-23,13207,10/24/2023,C,66045,Yes,NaN,NaN,NaN,Sealed,"<= 1,000 lbs",Pass,Pass,Pass,Pass,Pass,Pass,Pass,Pass,Pass,Pass,Pass,NaN,NaN,Pass,NaN,NaN,NaN,NaN
002138-23,B934138175,10/24/2023,C,66045,Yes,NaN,NaN,NaN,Sealed,"<= 1,000 lbs",Pass,Pass,Pass,Pass,Pass,Pass,Pass,Pass,Pass,Pass,Pass,NaN,NaN,Pass,3.00000,NaN,NaN,NaN